sha256,changwat,constituency,polling_station,amphoe,tambon,choice_number,choice_name,choice_label,votes,ballots_valid,station_vote_share,turnout_rate,invalid_rate,validation_passed
b710a1ffb44d72d3832c7fb67b7f2596e4a91082308d7fab15e2bd84f692b3fe,ลำปาง,1,9,ไม่ระบุ,ไม่ระบุ,8,นางทิพา ปวีณาเสถียร,พรรคประชาชน,555,688,0.8066860465116279,,,False
3851312c1f22be0e2b57ae6f0e151fe62725481944671101964c2847ffd1ab80,ลำปาง,1,1,ลำปาง,ศึกษาพิทยากร,8,นางทิพา ปวีณาเสถียร,พรรคประชาชน,543,694,0.7824207492795389,1.0,0.011842105263157895,False
49f392537c0ead481c2cfa42016e55d6f19312e69652a4e8d41f1b52f35ac81d,ลำปาง,1,1,เมืองลำปาง,เตรียมมูล,8,นางทิพา ปวีณาเสถียร,พรรคประชาชน,538,682,0.7888563049853372,1.0,0.010526315789473684,True
37267c6d8b6d7f433f1467e2b52876496cb72afd2887c0a8d0a38ef3d7f8902a,ลำปาง,1,1478,ไม่ระบุ,ไม่ระบุ,8,นางทิพา ปวีณาเสถียร,พรรคประชาชน,535,692,0.773121387283237,1.0,0.0,True
755abe3496e46301d6d88eadf9e93cf683bdec598e1742721aa4c57e3f7e9869,ลำปาง,1,7,เชียงคำ,เชิงมูล,8,นางทิพา ปวีณาเสถียร,พรรคประชาชน,524,686,0.7638483965014577,0.9026315789473685,0.016034985422740525,False
c8265d6985042ff384b638d5ec8abe525b97c06d6e7712407215094ed745d9a3,ลำปาง,1,55,อ่างทอง,เขตเลือกตั้งที่ 1,8,นางทิพา ปวีณาเสถียร,พรรคประชาชน,523,689,0.7590711175616836,,,False
1309d73412f5745585dac47b75f3ca176bfa701353cde2cb20d6e57a61f92106,ลำปาง,1,1,เขตเลือกตั้งที่ 1,โรงเรียนเตรียมอุดมศึกษา,8,นางทิพา ปวีณาเสถียร,พรรคประชาชน,523,689,0.7590711175616836,1.0,0.019230769230769232,False
1545296537816b1b23074f2fabb67f1def78e05c59e64d2c7144d988629eaf03,ลำปาง,1,3,น้ำผึ้ง,ตำบล/แขวง/เทศบาล 20,4,นายกิตติกร โล่ห์สุนทร,พรรคเพื่อไทย,520,520,1.0,1.4207920792079207,0.059233449477351915,False
f7b1a96b7dd6f9037fc0b087c6b39579b5434c5ebf9ee2abe527689d3bc92212,ลำปาง,1,1,เขตเลือกตั้งที่ 1,เตรียมอุดมศึกษา,8,นางทิพา ปวีณาเสถียร,พรรคประชาชน,505,693,0.7287157287157288,1.0,0.006578947368421052,False
d16bdc35f1ce9bd0896373b0b0c81d0f5197f3a25762664492d83741d4334ea5,ลำปาง,1,1,,,8,นางทิพา ปวีณาเสถียร,พรรคประชาชน,505,677,0.7459379615952733,1.0,0.009210526315789473,True
3789fe69af02b1e8e55e3f516674a4ecb82ea8572184cc287096ab24d79f39af,ลำปาง,1,1,,,8,นางทิพา ปวีณาเสถียร,พรรคประชาชน,504,672,0.75,,,False
bf6c8e3ee476ab8ebdc2cab86e03480454c7664792e4e5b507959cd0e886f6d2,ลำปาง,1,8,เขตลำปาง,เรอดิมอุดม,8,นางทิพา ปวีณาเสถียร,พรรคประชาชน,499,676,0.7381656804733728,1.0,0.013157894736842105,False
39a2fd4a602590960760416ec85fd938cd7d137aeb680bb90ca3dd1d3b257890,ลำปาง,1,1,,,8,นางทิพา ปวีณาเสถียร,พรรคประชาชน,489,678,0.7212389380530974,1.0,0.025,False
49362652f996085eef8ff131069234b3b3b5cd8e9d6ef2818b3d06b29741ad22,ลำปาง,1,3,ห้างฉกรรจ์,หนองหล่ม,1,นายอธิวัฒน์ ศรีไชยยานุพันธ์,พรรคคล้ายธรรม,466,466,1.0,0.71671388101983,0.02766798418972332,True
6894ce19d86292625af026ac6436c58cae245028ec35a3b9bf775f734395ad86,ลำปาง,1,1,เมือง,มานายอิ่ม,6,ร.ต.อ. ประสิทธิ์ ทิวงศ์ษา,พรรคเศรษฐกิจ,442,492,0.8983739837398373,0.6635006784260515,0.044989775051124746,False
c5eec8b2a483a123667252dd62025f9b0fe19ff1fa054c8269d14e52618fac35,ลำปาง,1,4,บางแค,บางนาดำ,1,นายอธิวัฒน์ ศรีไชยยานุพันธ์,พรรคคล้ายธรรม,424,424,1.0,1.0,0.35714285714285715,False
75cc1249cd68bb8f3d3327832446e284fcdc64c721e60becd6a3dc19623312a7,ลำปาง,1,10,เชิงเขา,มานองช์,9,นายก้องเกียรติ มาทา,พรรครวมไทยสร้างชาติ,420,420,1.0,0.7332339791356185,0.07926829268292683,False
277ef8bf9c304a9daa439aa555a7a5f80d1bb370c1caaf8e77335959b0dd5327,ลำปาง,1,3,เชียงใหม่,เมืองพัฒนา,8,นางทิพา ปวีณาเสถียร,พรรคประชาชน,414,488,0.8483606557377049,0.745740498034076,0.06854130052724078,False
0ff5bea2d1227b1a4c43922f145845f040516359321ce8e6fa733e022c197400,ลำปาง,1,3,เมือง,ทุ่งช้าง,1,นายอธิวัฒน์ ศรีไชยยานุพันธ์,พรรคคล้ายธรรม,353,363,0.9724517906336089,0.7063903281519862,0.05134474327628362,False
b81bcb85ba108a88c00c42c62d1f36b1abf3bff7fa76547e99152e4e403c3870,ลำปาง,1,4,เมือง,ทุ่งลาย,5,นายนริศ แสงบุญเรือง,พรรคไทยก้าวใหม่,339,339,1.0,0.7532467532467533,0.8349753694581281,False
a6635ba80f9829ffc24337b068c3a5ba890cf300d45ab4e52293dfee78e29798,ลำปาง,1,13,หนองคู,มอญปาก,8,นางทิพา ปวีณาเสถียร,พรรคประชาชน,337,372,0.9059139784946236,4.0,0.93,False
572bbbc672da3afd9f4b63ffd4fb6eeda54119a43572926976f22e867bb2b339,ลำปาง,1,1,เขตเลือกตั้งที่ 1,โลงเรียนทร์มอญคุณศักดา พิฆนาการฯ,8,นางทิพา ปวีณาเสถียร,พรรคประชาชน,313,412,0.7597087378640777,1.0,0.01569506726457399,False
c28552236c9b1ad014c2ac088c1c72796ec32ca3af7e566f5c370f747490fd26,ลำปาง,1,13,เชียงดาว,เชียงตาล,2,นายบุญเชิด พรมศร,พรรคโอกาสใหม่,305,305,1.0,7.51063829787234,0.05099150141643059,False
40cbdc0b6211fe77206afc7b9af59f3285acd48f762bda6cecfc93195c891ab5,ลำปาง,1,21,เมือง,ถนนชัย,7,นางสาวอมลยา เจนตวนิชย์,พรรคประชาธิปัตย์,301,370,0.8135135135135135,0.642433234421365,0.025404157043879907,False
f2d59f8d2a1033c81d1fc18710b25589b1ee5512ad2722b994a5c397fa146083,ลำปาง,1,16,เชิงทะเล,ต้นทอง,8,นางทิพา ปวีณาเสถียร,พรรคประชาชน,297,532,0.5582706766917294,0.7205720572057206,0.04122137404580153,False
f6c2c4cc81635d42ee2d8ff4b0de09b54e161bedfdf5bea6432f0fd50e9e902b,ลำปาง,1,27,เมือง,หัวเวียง,8,นางทิพา ปวีณาเสถียร,พรรคประชาชน,294,317,0.9274447949526814,0.9320113314447592,0.00303951367781155,False
c552241d35749c0a83bc7086ace468f0d9a5ac2be869df8ddfa70c9a9620781e,ลำปาง,1,12,เมือง,บ้านเอ็ด,1,นายอธิวัฒน์ ศรีไชยยานุพันธ์,พรรคคล้ายธรรม,291,291,1.0,0.7848970251716247,0.06705539358600583,True
dc0da65e13f578deb9399173586791eb00767a712bf95f8583ea71905ea4830f,ลำปาง,1,6,อำเภอ/เขต กำจัด,กำจัด,4,นายกิตติกร โล่ห์สุนทร,พรรคเพื่อไทย,276,276,1.0,0.9805825242718447,0.026402640264026403,False
e007ba6db0de9dcd72c6729c0d0375d1e0ea3c84ca9da58bf811e05470364663,ลำปาง,1,2,เมือง,ต้นสูงชัย,8,นางทิพา ปวีณาเสถียร,พรรคประชาชน,275,607,0.45304777594728174,7.195876288659794,0.034383954154727794,True
b17733d9fce3857aa12c80e3315b1700ad40fa95e0516a09168c4916b3fd9063,ลำปาง,1,6,หัวเน็ต,ห้างจิตร,8,นางทิพา ปวีณาเสถียร,พรรคประชาชน,261,502,0.5199203187250996,0.7763157894736842,0.05423728813559322,False
720c001ba97d9faec9b2d4fb0bfcc7723ca085e932319c0651fb548c2d1fa9ee,ลำปาง,1,24,เชิงเมือง,หัวเวียง,7,นางสาวอมลยา เจนตวนิชย์,พรรคประชาธิปัตย์,259,259,1.0,0.688,0.29069767441860467,False
908c9b0eb3a486984c088cca602916b0a2047d7e062b7124fde60d22c45aeefe,ลำปาง,1,4,หัวเมืองฯ,ห้างฉัตร,8,นางทิพา ปวีณาเสถียร,พรรคประชาชน,257,543,0.4732965009208103,17.216216216216218,0.0565149136577708,True
a226bfe234f7f1091e3cb404d1dada416b037cadf68b00ed9303bc4093f0ae07,ลำปาง,1,14,เมืองฯ,ช่องแจ้ง,8,นางทิพา ปวีณาเสถียร,พรรคประชาชน,257,419,0.6133651551312649,0.7257575757575757,0.020876826722338204,True
582a77b6f1a8ff0c8acf89dd3220f299a95bb3ca3da36acde49412a1f23accb7,ลำปาง,1,9,เขตน้อยลำปลาย,ป้อมเจ้าหลวงกระซ่าเกอ,8,นางทิพา ปวีณาเสถียร,พรรคประชาชน,256,526,0.4866920152091255,0.7056128293241696,0.040584415584415584,False
10d0ab87d1a0362b7b4de6535d8eb262bf795da8eb87fc5061ebfe6da66f01aa,ลำปาง,1,3,ห้างจักร,หัวลังคตาร,8,นางทิพา ปวีณาเสถียร,พรรคประชาชน,255,516,0.4941860465116279,1.2622601279317698,0.05067567567567568,False
bd20156cb2fbdf12da19219348ab0089de7a0b8bc4c96ce3509fac40a1318851,ลำปาง,1,12,อำเภอ/เขต เมือง,หมู่ที่ 16,8,นางทิพา ปวีณาเสถียร,พรรคประชาชน,254,474,0.5358649789029536,0.7152682255845942,0.019230769230769232,False
d704962234b196a129b2db64f081f7edb2b120e693c2a45a72c8a7e6798e5f18,ลำปาง,1,19,เมือง,หัวเวียง,7,นางสาวอมลยา เจนตวนิชย์,พรรคประชาธิปัตย์,250,279,0.8960573476702509,0.6023622047244095,0.013071895424836602,False
eeb063034bc8efb29ddb3563b25f7793e95d3fc27f54e11f7ebed7382c3e176b,ลำปาง,1,2,หัวเสีย,บางยางคก,8,นางทิพา ปวีณาเสถียร,พรรคประชาชน,246,519,0.47398843930635837,14.8,0.052364864864864864,True
b690b18fe286049fef36e98f4a584ca974d644590251b8b59b2d6a1fec00084f,ลำปาง,1,5,เมือง,คันถลชัย,8,นางทิพา ปวีณาเสถียร,พรรคประชาชน,246,416,0.5913461538461539,0.6689466484268126,0.03067484662576687,True
8b8bb758064fb109f2044f89ccfbc4ab8ed229dc8af0d2a1597c4e8b9c9df272,ลำปาง,1,9,เมือง,บ้านเอื้อม,8,นางทิพา ปวีณาเสถียร,พรรคประชาชน,241,378,0.6375661375661376,0.7309644670050761,0.0625,True
1273c09ee20df7bd08dc900cba3517e334b42b43614fa9f848107025dbdcb408,ลำปาง,1,7,อำเภอ/เขต เมืองลำปาง,ตำบล/แขวง/เทศบาล,8,นางทิพา ปวีณาเสถียร,พรรคประชาชน,241,415,0.5807228915662651,1.0,0.044444444444444446,False
98632279b4dce4cf53f57e9a3b83ea433d6a0d4e90525001942c724ddcc70f0f,ลำปาง,1,7,เมืองฯ,ป้อมเชิง,8,นางทิพา ปวีณาเสถียร,พรรคประชาชน,239,431,0.5545243619489559,0.7101865136298422,0.026262626262626262,True
03e9067a33b6cb9f39d8447cecedc3cdf1ce2e2945cf2c6df53474f918ba4303,ลำปาง,1,10,เมืองเชียงใหม่,ทุ่งช้าง,8,นางทิพา ปวีณาเสถียร,พรรคประชาชน,232,512,0.453125,0.7142857142857143,0.5666666666666667,False
eef4bf4b87c8433ea66b9943811a58c4722830807ff2cfbadc030fb287c13870,ลำปาง,1,3,หัวเมือง,ห้างค้า,8,นางทิพา ปวีณาเสถียร,พรรคประชาชน,232,522,0.4444444444444444,,,False
e17952d73003b9abf574e8a16458736dfab43d575e8f2b256317834ea485bad3,ลำปาง,1,5,เมือง,ม้านเป้า,8,นางทิพา ปวีณาเสถียร,พรรคประชาชน,231,458,0.5043668122270742,0.7475035663338089,0.03625954198473282,False
d1c281c88f6cd4384b4bac85d6a96a4bd6c6d03b9a2e693a81878bb995dae648,ลำปาง,1,7,ลำปาง,บางเขน,8,นางทิพา ปวีณาเสถียร,พรรคประชาชน,230,401,0.57356608478803,0.506953223767383,0.10224438902743142,False
8c04685846be74413d9c2da6407c23528338e9d50dc5a9dc7876270496bf9c95,ลำปาง,1,1,อำเภอ/เขต,ตำบล/แขวง/เทศบาล,8,นางทิพา ปวีณาเสถียร,พรรคประชาชน,229,548,0.41788321167883213,0.9211822660098522,0.0213903743315508,False
dc5518b18558b59b647b748840e031fb13f24a42c02f983dd645930c554d0a5a,ลำปาง,1,1,เมือง,ฟางฝาย,4,นายกิตติกร โล่ห์สุนทร,พรรคเพื่อไทย,225,510,0.4411764705882353,0.7192307692307692,0.030303030303030304,False
f61107e3798abc18f036d6d0bf5900c8fb5ac631200c0e0f8a63532e8847a84d,ลำปาง,1,14,เชียงคิตร,เชียงตาล,8,นางทิพา ปวีณาเสถียร,พรรคประชาชน,224,449,0.49888641425389757,17.366666666666667,0.04798464491362764,False
28dcaac0125f10c00db752d7ad508abac6ad70ae79bd623f5af837e21ef23a44,ลำปาง,1,9,เมือง,บ่อแล้ว,8,นางทิพา ปวีณาเสถียร,พรรคประชาชน,217,353,0.6147308781869688,0.6460317460317461,0.044226044226044224,False
54ad986c646bcf57122481890350057510ce1e6c8a963012e62a3d57b4acd744,ลำปาง,1,3,ห้างฉัตร,ปางยางคก,8,นางทิพา ปวีณาเสถียร,พรรคประชาชน,214,240,0.8916666666666667,0.5546038543897216,0.007722007722007722,True
4a886727145c78ebd9bbe9ed6530a684f960d8b17b7e669f628cf89bd30b1711,ลำปาง,1,33,เมือง,สวนดอก,9,นายก้องเกียรติ มาทา,พรรครวมไทยสร้างชาติ,212,221,0.9592760180995475,0.5714285714285714,0.4166666666666667,False
7f137eed6f377f146c9ef9813da1cc45cbe69cc0a6d5cf8500da3f4af727cb7e,ลำปาง,1,13,เชียงราย,สำเนาถ่าย,8,นางทิพา ปวีณาเสถียร,พรรคประชาชน,211,539,0.3914656771799629,0.14394904458598726,0.3008849557522124,False
36c8122012e366f9ef0e8c7b7d6e99eddc14d47d31df9a437f5288378fe5c64d,ลำปาง,1,2,เมือง,มานตา,4,นายกิตติกร โล่ห์สุนทร,พรรคเพื่อไทย,211,473,0.44608879492600423,0.7363896848137536,0.042801556420233464,True
681d6b059156e233034b5feb3614617a8d1c2914a3b93ff171cf4158b85f362c,ลำปาง,1,11,เมือง,2043,8,นางทิพา ปวีณาเสถียร,พรรคประชาชน,210,466,0.45064377682403434,0.6551724137931034,0.030852994555353903,False
40210972494ddce17aa3f8e89da16204e9b2496e7af98d2d4889c93a61503a43,ลำปาง,1,7,เมือง,ปอแอ๋ว,8,นางทิพา ปวีณาเสถียร,พรรคประชาชน,206,357,0.5770308123249299,0.7965451055662188,0.04819277108433735,False
a5cd7c04e03a5014489d103c0a19cebf30c62cdcd90ec875360a6fd3be9e6ced,ลำปาง,1,8,หัวเสียกรุง,เรียงตลาด,8,นางทิพา ปวีณาเสถียร,พรรคประชาชน,205,422,0.48578199052132703,1.3885714285714286,0.06790123456790123,False
2182fd6d3eea5a3251b6f35274d620a5a4512db188acd6d690c8c29d6b9e2f43,ลำปาง,1,3,เมือง,เอ๋ย,8,นางทิพา ปวีณาเสถียร,พรรคประชาชน,203,429,0.4731934731934732,0.7100591715976331,0.0375,True
48c904ea186aaca14c8eee44da47ce7ee5ae2fa5d96a5d307966d58d5d3b08fd,ลำปาง,1,0,เมือง,บ้านเชื่อม,8,นางทิพา ปวีณาเสถียร,พรรคประชาชน,203,609,0.3333333333333333,0.684931506849315,10.0,False
8d1134877e4ca14c7715dc8a0d09ffb6d96e6649b71ffadc63d852304f2c1fca,ลำปาง,1,2,ฝางพิมาย,ฝางพิมาย,7,นางสาวอมลยา เจนตวนิชย์,พรรคประชาธิปัตย์,202,426,0.47417840375586856,0.6716621253405994,0.05070993914807302,False
58cf715b1ebf4a2715bc45296891bda8b230835ab2b8aa1eca966117580330ca,ลำปาง,1,10,เมือง,มอแฮ้ง,8,นางทิพา ปวีณาเสถียร,พรรคประชาชน,202,443,0.45598194130925507,0.6364942528735632,0.06320541760722348,False
c2b81bcbbc2447a918060f7329a968ca18c6d1abaed5edb87f8147c1029598dc,ลำปาง,1,4,ห้ามจักร,หัวหน้าอำเภอ/เขต ห้างฉัตร์,8,นางทิพา ปวีณาเสถียร,พรรคประชาชน,201,410,0.4902439024390244,0.753822629969419,0.04665314401622718,False
3898fb34aa3933c6434865bad56071f7a72e015549c098d0bcf78117a9141ec1,ลำปาง,1,9,หาดใหญ่,เชิงคาม,8,นางทิพา ปวีณาเสถียร,พรรคประชาชน,201,425,0.47294117647058825,0.15824915824915825,0.7659574468085106,False
a158a4d90222fe81d2ad69e1df2c66f04a8b7023c046194a6d23ef6681bac53b,ลำปาง,1,20,เมืองลำปาง,ต้นชัย,8,นางทิพา ปวีณาเสถียร,พรรคประชาชน,200,410,0.4878048780487805,0.6719424460431654,0.029978586723768737,False
015b04d2eb819a076b045cf6876d3236424c066ee0632db1da058d9dcd7d778d,ลำปาง,1,72,เมือง,เพชร,8,นางทิพา ปวีณาเสถียร,พรรคประชาชน,199,402,0.49502487562189057,0.6477272727272727,0.021929824561403508,False
63054c76280503701cbde7a1456826e777102e3e0d309ac28a35e57f4f84c1e4,ลำปาง,1,5,เมือง,ปอแอ๊ก,8,นางทิพา ปวีณาเสถียร,พรรคประชาชน,198,421,0.47030878859857483,0.7161016949152542,0.05325443786982249,False
dcd865ef181a9c9a6d7239a85fd7ac8982c013323ee2c21261b58cd1b59af09d,ลำปาง,1,16,หัวหมาก,ปทุมธานี,8,นางทิพา ปวีณาเสถียร,พรรคประชาชน,196,453,0.4326710816777042,0.7142857142857143,0.6,False
39b8ed1299b3339fd9f8d43d198a42f662314f2e4bac0aba2f265044a2583379,ลำปาง,1,19,เมืองลำปาง,คันธรชัย,8,นางทิพา ปวีณาเสถียร,พรรคประชาชน,196,377,0.519893899204244,0.7115689381933439,0.031180400890868598,True
99250798fbd7a7570328bb96f2de8a5b20764ef593ea3e7e64d3377f0d01be6a,ลำปาง,1,52,เมืองลำปาง,สบตุ๋ย,8,นางทิพา ปวีณาเสถียร,พรรคประชาชน,196,381,0.5144356955380578,0.7230769230769231,0.5319148936170213,False
cdaba072645cd3f0ec4b84e346b7bb8b8b658b8070580e9b52589274ac94f790,ลำปาง,1,2,อำเภอ/เขต,หมู่ที่ 9,8,นางทิพา ปวีณาเสถียร,พรรคประชาชน,194,394,0.49238578680203043,0.9932279909706546,0.013636363636363636,False
c7e1bba1b6bb491711d6355758569fe90202ca7e93434d742f7b60b28c6b64e4,ลำปาง,1,1,อำเภอ/เขต เมืองลำปาง,ตำบล/แขวง/เทศบาลตัวจริง,8,นางทิพา ปวีณาเสถียร,พรรคประชาชน,194,409,0.4743276283618582,0.5997067448680352,0.05623471882640587,False
f1d99e980b0a365d7524d41ff8fb5918511ee85b93a7b819898986a1d8419923,ลำปาง,1,5,นางฉัตร,นางฉัตร,8,นางทิพา ปวีณาเสถียร,พรรคประชาชน,194,421,0.46080760095011875,0.6955903271692745,0.044989775051124746,True
51c0bee66575c09734ce68b7ba34bb55fca6b076ec0027b42e480b56b711881b,ลำปาง,1,7,ห้างมิตร,ป้อมบางคอก,8,นางทิพา ปวีณาเสถียร,พรรคประชาชน,194,401,0.4837905236907731,0.7179902755267423,0.033860045146726865,False
0abb5a3d5ba816eff3555ebefde09ba608ad7570a965c4eb42f11e618844abc4,ลำปาง,1,43,เมืองฯ,คันธรชัย,8,นางทิพา ปวีณาเสถียร,พรรคประชาชน,193,377,0.5119363395225465,0.7104851330203443,0.05506607929515418,False
03ba53cbb370471e0619ea15933fd244e36dcb4fc7ba56f6de329b3ffeddc773,ลำปาง,1,68,เมืองลำปาง,พระบาท,8,นางทิพา ปวีณาเสถียร,พรรคประชาชน,192,370,0.518918918918919,0.6349453978159126,0.012285012285012284,False
82669a6dde07b625c9deed5ac30fea77edf17e8370ab3e835bf958ba8d36cae8,ลำปาง,1,5,เมืองลำปาง,บ้านศา,8,นางทิพา ปวีณาเสถียร,พรรคประชาชน,191,448,0.4263392857142857,0.6980609418282548,0.06944444444444445,True
3c3fc7b74ff8834dba2ea3daa2112c279b3d5c6a74ea47c1851ce7dd24b1dc1a,ลำปาง,1,10,เมือง,เขื่อนเหนือ,8,นางทิพา ปวีณาเสถียร,พรรคประชาชน,189,280,0.675,1.1229773462783172,0.08357348703170028,False
93b213013fea59f1eef21dd04468a2537f58e7d6b0aec1fd5f136c681ae9a661,ลำปาง,1,39,เมือง,สวนสุข,8,นางทิพา ปวีณาเสถียร,พรรคประชาชน,188,369,0.5094850948509485,6.919354838709677,0.037296037296037296,False
010c3b8ee364d964a940de6ab3d1ffee97d65cf83557454c80bdc7c87c86f586,ลำปาง,1,4,เมืองฯ,เวียงเหนือ,8,นางทิพา ปวีณาเสถียร,พรรคประชาชน,188,406,0.4630541871921182,0.6555555555555556,0.02754237288135593,False
bf2f8ba9edc587b4a1419b1fdf04f57acaf8420458bb69a2d599e3fdd2bc72b9,ลำปาง,1,12,เมืองลำปาง,ต้น ธงชัย,8,นางทิพา ปวีณาเสถียร,พรรคประชาชน,187,501,0.37325349301397204,0.5091383812010444,0.1282051282051282,True
acd3ef654cfcb7c3df06f4b2422a8427ab6e7bac5c32925f14647902db5e2e0b,ลำปาง,1,51,เมือง,สิบสาม,8,นางทิพา ปวีณาเสถียร,พรรคประชาชน,187,382,0.4895287958115183,0.7390625,0.02748414376321353,False
6017e3d5728c46a5056fe8bee92610aef209e73e6b0fa006e982366240696454,ลำปาง,1,2,เม็ด,ม้านเป้า,4,นายกิตติกร โล่ห์สุนทร,พรรคเพื่อไทย,186,503,0.3697813121272366,0.7492753623188406,0.027079303675048357,False
d88e0d2771cf66b9cf507e57ba9f627d4346c5866f16365deda6d6715a52a9bf,ลำปาง,1,15,ลำปาง,บ่อแร้งหนองกะลาโอ่เขตเมือง,8,นางทิพา ปวีณาเสถียร,พรรคประชาชน,185,356,0.5196629213483146,0.6655518394648829,0.01507537688442211,True
94eab1e53ed58839d91176e38442ec8ad4bc856cb2bd3f4dde6e3bb62f4e90bb,ลำปาง,1,7,บางกะปิ,ป้อมเจ้าหลวง,8,นางทิพา ปวีณาเสถียร,พรรคประชาชน,185,343,0.5393586005830904,0.6893542757417103,0.027848101265822784,False
67a4a6401c058a557e6fbb1e4a7afd0a6c623616c074d7ab53944872f06b286a,ลำปาง,1,4,เมือง,ต้นชัย,8,นางทิพา ปวีณาเสถียร,พรรคประชาชน,185,480,0.3854166666666667,0.6802721088435374,0.048,False
c76c9fecb44a040a3891bc43a0defa289429332fb06e174b0c99e07bb53665b6,ลำปาง,1,1,เมืองลำปาง,ป้านา,8,นางทิพา ปวีณาเสถียร,พรรคประชาชน,183,461,0.3969631236442516,0.7086183310533516,0.04633204633204633,True
a8e88a666e1f397d513a1d950731d1fa22c07a2eb5fdf641dfd30687b85291d0,ลำปาง,1,8,ห้างฉัตร,หนองหล่ม,8,นางทิพา ปวีณาเสถียร,พรรคประชาชน,182,345,0.527536231884058,0.7092592592592593,0.9007832898172323,False
bf7f896b2566e2326c32410aee58bb75fb82d8ee764a169ee53924c929088aa4,ลำปาง,1,6,เมือง,พลเมือง,8,นางทิพา ปวีณาเสถียร,พรรคประชาชน,180,409,0.4400977995110024,0.6827880512091038,0.05625,True
660c164a1cd44756f55f8a5f72118c5e6d15988169b89704dbaf2db93de63a07,ลำปาง,1,5,ห้างฉัตร,ออแก้ว,4,นายกิตติกร โล่ห์สุนทร,พรรคเพื่อไทย,180,418,0.430622009569378,0.6901004304160688,0.06444906444906445,False
db9f3291022b84b3dc134fde16dccf0f34bcb692bd9194fabc5e8548263ec4fd,ลำปาง,1,38,เมือง,สุขใจ,8,นางทิพา ปวีณาเสถียร,พรรคประชาชน,180,390,0.46153846153846156,0.6666666666666666,0.2727272727272727,False
acf500becdfe5aaadb5009816274eee6701f52ca8c283faa76ffb5cd6ea1ac5e,ลำปาง,1,78,เมือง,พิชัย,8,นางทิพา ปวีณาเสถียร,พรรคประชาชน,180,409,0.4400977995110024,0.6652421652421653,0.02569593147751606,False
1e115b6432dd03c70e051b8b2594a80314d0b4a0b8ce66f176955e882eefc305,ลำปาง,1,69,เมือง,พระบาท,8,นางทิพา ปวีณาเสถียร,พรรคประชาชน,178,380,0.46842105263157896,0.6573643410852713,0.014150943396226415,False
f33f08b62801ce934207590082c80dc4b453898745d8c3462dbc8681af79e810,ลำปาง,1,65,เมือง,พระบาท,8,นางทิพา ปวีณาเสถียร,พรรคประชาชน,177,308,0.5746753246753247,0.6352530541012217,0.04120879120879121,False
91edf8fb783c1a24cd362c908e4943c452f5da5f24ac5471125a6cbbacd7d63a,ลำปาง,1,13,ห้างฉัตร,ปังยมคอก,8,นางทิพา ปวีณาเสถียร,พรรคประชาชน,177,461,0.3839479392624729,0.8018575851393189,0.04826254826254826,False
e3d2366250a5fb6e48a048624ad3008067ade56c25162de67b14e20b1cb352ed,ลำปาง,1,8,เมือง,บ้านเอื้อม,4,นายกิตติกร โล่ห์สุนทร,พรรคเพื่อไทย,176,383,0.4595300261096606,0.6991735537190082,0.07328605200945626,True
b3f0588027edbfdbb634cf2f9a7ed29b10c9ba28d2faf350cfcc827e33c2b790,ลำปาง,1,79,เมือง,คูแย้ง,8,นางทิพา ปวีณาเสถียร,พรรคประชาชน,176,332,0.5301204819277109,0.6765799256505576,0.008241758241758242,False
3a398a269aea36000a976d9a47f6584f2e9a54690c55ff0df63a42d46851775b,ลำปาง,1,31,เมือง,นครลำปาง,8,นางทิพา ปวีณาเสถียร,พรรคประชาชน,173,404,0.4282178217821782,0.5390835579514824,0.25,False
780c19451214886aa99b143fe44d4dbd3a7874e84894816ad8d955c198fcb695,ลำปาง,1,16,เมือง,หัวเมือง,8,นางทิพา ปวีณาเสถียร,พรรคประชาชน,173,403,0.4292803970223325,0.7587301587301587,0.06903765690376569,False
d53673d8bfb1d9590754a0fedda3f74ea810fc1e655c044b9c4d4cf25bbb3d06,ลำปาง,1,17,เมืองลำปาง,ต้นชงชัย,8,นางทิพา ปวีณาเสถียร,พรรคประชาชน,172,356,0.48314606741573035,0.7185314685314685,0.029197080291970802,False
1af445cfda43aeb00b1126ddfda35e7e3c623e6f67b26c312c83def7507ad036,ลำปาง,1,11,เมือง,คันธรชัย,8,นางทิพา ปวีณาเสถียร,พรรคประชาชน,172,443,0.38826185101580135,0.7751060820367751,0.09854014598540146,False
b2bef7403617e51cc16b17b267bccd34b7d0d411408080fef474b2169a04d5d8,ลำปาง,1,5,ห้างฉัตร,แม่ลาน,8,นางทิพา ปวีณาเสถียร,พรรคประชาชน,172,512,0.3359375,7.314285714285714,0.03515625,False
cf80de775e4cba7e036a93c1f5b8022f778efca6f612855434e4f883dbf8cb68,ลำปาง,1,66,เมือง,พระบาท,8,นางทิพา ปวีณาเสถียร,พรรคประชาชน,171,323,0.5294117647058824,0.6726618705035972,0.034759358288770054,True
06e957a45b33ef48362893252df010d1b3c2050801ce3b5555d412274e9c392a,ลำปาง,1,22,เชื่อมลำปลา,สำราญ,8,นางทิพา ปวีณาเสถียร,พรรคประชาชน,170,320,0.53125,0.6742424242424242,0.02247191011235955,False
d0fd93307f79d2009d877e4c073a632f98ba86714214fe5beedacc3b493a9ec8,ลำปาง,1,54,เมืองลำปาง,สุขชัย,8,นางทิพา ปวีณาเสถียร,พรรคประชาชน,167,331,0.5045317220543807,0.6514886164623468,0.016129032258064516,False
3390e60c0797905b6ac7b85c7ad90635e2119c9f685f18019747eecf773112a5,ลำปาง,1,4,เมือง,ต้น ธงชัย,8,นางทิพา ปวีณาเสถียร,พรรคประชาชน,167,389,0.42930591259640105,0.6912442396313364,0.057777777777777775,False
aa82a2d42774351f1cba11fc60c7e571fba0fa92e224dbe7cc7dcfa67f950435,ลำปาง,1,1,เขตร้อยสามแยก,มูลนายอิมพ,4,นายกิตติกร โล่ห์สุนทร,พรรคเพื่อไทย,166,387,0.4289405684754522,1.0,0.11981566820276497,False
fad324aa2946d25f8f278d1d45d3b3908d6d9b849d07919c63cc9a59619a2256,ลำปาง,1,2,หัวคิด,หนองพลูม,8,นางทิพา ปวีณาเสถียร,พรรคประชาชน,165,341,0.4838709677419355,1.0,0.0291005291005291,False
ffd0e69f6d071df5c424f8126dc2c706adbab1f48d7eb51b63e48a0f279f7485,ลำปาง,1,9,เมือง,เรื่องเหนือ,8,นางทิพา ปวีณาเสถียร,พรรคประชาชน,164,367,0.44686648501362397,0.6380368098159509,0.019230769230769232,False
017e407e54aeef30e3b729e9d86d0b1faa90f573ed843fee71bf7fca9076fe4b,ลำปาง,1,1,น้ำปาปาง,ป่าเปา,4,นายกิตติกร โล่ห์สุนทร,พรรคเพื่อไทย,164,372,0.44086021505376344,0.7472527472527473,0.03431372549019608,False
b60109796d99b96f4e3fafe645cd9ac37e87d70b9671db1dd8853e776e037a6b,ลำปาง,1,4,หัวจักร,20167,4,นายกิตติกร โล่ห์สุนทร,พรรคเพื่อไทย,162,328,0.49390243902439024,1.0,0.064,False
799d1e1a5c59cf13267c83b2b37db38630adda20b0c12e1a9f5ad07bfca31ec1,ลำปาง,1,14,เขตเลือกตั้งที่ 1,ม01163,8,นางทิพา ปวีณาเสถียร,พรรคประชาชน,162,312,0.5192307692307693,0.7055449330783938,0.018970189701897018,False
030889866b59d4d3aad16eaeaf17d033a92ccc2cb84ce61553eb628aa60876a0,ลำปาง,1,70,เมือง,ธมพ,8,นางทิพา ปวีณาเสถียร,พรรคประชาชน,162,366,0.4426229508196721,0.6282420749279539,0.05963302752293578,True
af90de34d87d7d49ccb9ae74cf1e70053b16ad112653a8b2f694c4211315e484,ลำปาง,1,40,สุขใจ,สุขใจ,8,นางทิพา ปวีณาเสถียร,พรรคประชาชน,162,372,0.43548387096774194,0.6829268292682927,0.03333333333333333,True
d61a3bab525cf88c31376f4e8cf30602d0a736b8dc99831b4ad07f01677002e7,ลำปาง,1,5,เมืองลำปาง,กำแพง,8,นางทิพา ปวีณาเสถียร,พรรคประชาชน,161,374,0.4304812834224599,0.6931818181818182,0.03981264637002342,False
c8003f10d609e3098ab31b626a0770c39ca44857906024c1f9e060b30a5f2879,ลำปาง,1,70,เมือง,ธมพ.,8,นางทิพา ปวีณาเสถียร,พรรคประชาชน,161,359,0.44846796657381616,0.6406995230524642,0.22332506203473945,False
10399e1dd410b6703e120e2e7f13dbb631faf0b96ab65a51c64a1dd4c006a193,ลำปาง,1,3,เลื่องลำปาง,สำเนียงชัย,4,นายกิตติกร โล่ห์สุนทร,พรรคเพื่อไทย,161,380,0.4236842105263158,0.6954545454545454,0.04793028322440087,False
88d42294967b0e0376767e7debf53cb01c404f01592af24fb20082825fdd9533,ลำปาง,1,5,กำแพงเพชร,ปอดดาล,8,นางทิพา ปวีณาเสถียร,พรรคประชาชน,160,405,0.3950617283950617,0.7390625,0.046511627906976744,True
52212598f774177496e713576e6081af7ba593f7eafa2a94dc6366a7589ed65d,ลำปาง,1,2,อำเภอ/เขต ห้างสรรพสินค้า,ตำบล/แขวง/เทศบาล เมืองฯลฯ,8,นางทิพา ปวีณาเสถียร,พรรคประชาชน,160,415,0.3855421686746988,9.53191489361702,0.04017857142857143,True
ec5239596ecfe9cfc645bc0640f762746d995a39bd00a733de7576d3dc257b50,ลำปาง,1,12,กำจัดรถ,เมืองฯ,8,นางทิพา ปวีณาเสถียร,พรรคประชาชน,156,347,0.4495677233429395,0.6673076923076923,0.05475504322766571,False
7c53471b4871a21793095a2cb492521e2724f10263e372f7f97315985b78204c,ลำปาง,1,4,เมืองลำปาง,ป้อมซัง,8,นางทิพา ปวีณาเสถียร,พรรคประชาชน,156,340,0.4588235294117647,1.1762917933130699,0.020671834625323,False
0fa050cff60539a7f7ec4d5d6b899ad529d3af29973040bcff4552c132549daa,ลำปาง,1,9,หัวเมืองฯ,หนองฉัตร,1,นายอธิวัฒน์ ศรีไชยยานุพันธ์,พรรคคล้ายธรรม,155,165,0.9393939393939394,1.3508771929824561,0.025974025974025976,False
f9d37490f7f3a215b7ed2566becaf5b087f12c6ef8a4c0cfc38af03caa10f5c2,ลำปาง,1,1,หัวยุทธ,บางจาก,8,นางทิพา ปวีณาเสถียร,พรรคประชาชน,155,337,0.4599406528189911,0.7301587301587301,0.029891304347826088,True
cee165fd4b37c7fdf947ada692ebf2e2b1a5fa5389d99df8074eb971e4ce0326,ลำปาง,1,23,เมืองลำปาง,หัวเมือง,8,นางทิพา ปวีณาเสถียร,พรรคประชาชน,154,256,0.6015625,0.6319148936170212,0.030303030303030304,False
8c522d04d9cdd3dce0eebedf81ede17d7002db0a6b510c40ae44b93dce935b30,ลำปาง,1,37,เมือง,สงขลา,8,นางทิพา ปวีณาเสถียร,พรรคประชาชน,154,302,0.5099337748344371,0.6045694200351494,0.023255813953488372,False
e54692d6c9be23409e75cfc4ef3af614804b6d2cbaf84a729227daa9b94d976d,ลำปาง,1,19,กำแพงเพชร,เมืองฯ,4,นายกิตติกร โล่ห์สุนทร,พรรคเพื่อไทย,154,351,0.43874643874643876,0.7641129032258065,0.06068601583113457,False
4f8de688e2dc05c5bb4c37823d8236a128fb6acd9330a4c636f86403307af19f,ลำปาง,1,1,นางจอมุข,เชิงคาว,8,นางทิพา ปวีณาเสถียร,พรรคประชาชน,154,349,0.44126074498567336,0.6252252252252253,0.05475504322766571,False
a720c7789c2f3f79330b0941e105bf614999784ea661fe3d6ade136cb4048bb8,ลำปาง,1,18,เมือง,สำโรงชัย,8,นางทิพา ปวีณาเสถียร,พรรคประชาชน,153,306,0.5,0.6907630522088354,0.03488372093023256,True
422cbfb098b5e8c95c90eea5f96c61e92f222f997f1d0491b10e5b9372e2cd1a,ลำปาง,1,24,หัวเม็ด,เมืองฯ,8,นางทิพา ปวีณาเสถียร,พรรคประชาชน,152,389,0.390745501285347,0.8410714285714286,0.050955414012738856,False
1e758037bce51c750ca4a6e20d90666f3bc51d6f7a9f8f208deced54e5f10918,ลำปาง,1,3,เชียงใหม่,เชิงชัย,8,นางทิพา ปวีณาเสถียร,พรรคประชาชน,151,380,0.3973684210526316,1.0,0.08120649651972157,False
b44130db3d65a649cdb39861a032d722cd2fb75308317057dd01ce64535d24c9,ลำปาง,1,2,เชียงราย,เชียงตาล,8,นางทิพา ปวีณาเสถียร,พรรคประชาชน,150,367,0.4087193460490463,1.0425531914893618,0.3673469387755102,False
ae32d48e0074c0e8addaa714ea76ea4ed412a906bd832694b4febf2e56cd4ad7,ลำปาง,1,2,เมือง,ป้อมยานพาหนะ,8,นางทิพา ปวีณาเสถียร,พรรคประชาชน,150,367,0.4087193460490463,0.7472118959107806,0.03233830845771144,False
41aeb26dc7decdccb28ae5bb46a4c7d1c54d518230895a5a92a7198423b5ea3e,ลำปาง,1,73,เมือง,ซมท.,8,นางทิพา ปวีณาเสถียร,พรรคประชาชน,148,308,0.4805194805194805,0.6634980988593155,0.05157593123209169,False
ca376088ea0f01ab065a87c01b80a0dc4fd01cf31920e95935f5f3bc219ad875,ลำปาง,1,1,ห้างฉัตร,บางเขน,4,นายกิตติกร โล่ห์สุนทร,พรรคเพื่อไทย,148,329,0.44984802431610943,0.5984095427435387,0.053156146179401995,False
3b65a61de86215fc0d082deebe7d0a4ed4171d222790edc3ca1137f84b5e54f0,ลำปาง,1,4,เมืองล่าง,น้ำเป้า,8,นางทิพา ปวีณาเสถียร,พรรคประชาชน,147,317,0.4637223974763407,0.724,0.04143646408839779,True
81c992a43c670dad3801c7d926afe836d15a195ac67c17910c99f51a26b61caf,ลำปาง,1,3,เมือง,ม.ค. 60,8,นางทิพา ปวีณาเสถียร,พรรคประชาชน,147,303,0.48514851485148514,0.771689497716895,0.029585798816568046,True
5d657cec16300779e8672dd6a713791bfea9c2d1f87c7d5d6c597e0815359b52,ลำปาง,1,5,เมือง,พระบาท,8,นางทิพา ปวีณาเสถียร,พรรคประชาชน,147,340,0.4323529411764706,0.6654991243432574,0.02631578947368421,False
0614618f5745dd81ef08f5ff37cfdd2270e7ec65a2bc0e4f17848662f62d0c33,ลำปาง,1,1,เมือง,ปอหยิ่ว,8,นางทิพา ปวีณาเสถียร,พรรคประชาชน,147,299,0.4916387959866221,0.7429193899782135,0.04105571847507331,False
d486ff7d22bb93608fb890bdd2990c60c8ac4851da3016c565590159616a84db,ลำปาง,1,7,เมือง,เขื่อนเหนือ,8,นางทิพา ปวีณาเสถียร,พรรคประชาชน,146,337,0.4332344213649852,0.6672413793103448,0.046511627906976744,False
0ea206335e9c245b3b3803b937dd238f1bb472c389b62ed26c7318a4a44c5d75,ลำปาง,1,5,เมือง,ปอเรือง,8,นางทิพา ปวีณาเสถียร,พรรคประชาชน,146,314,0.46496815286624205,0.7348643006263048,0.048295454545454544,False
bfae14babefff793b63cc28a01a5a8f7dfed0afe818ec669ebcbfe438c2c5577,ลำปาง,1,67,เมือง,พระบาทฯ,8,นางทิพา ปวีณาเสถียร,พรรคประชาชน,145,297,0.4882154882154882,0.6399253731343284,0.03206997084548105,False
7547ae5d03536aef9f2b6b8ca0e40ef77b830d0adb4c99f949a0259e92e017f5,ลำปาง,1,2,หัวเมืองฯ,หนองจิตร,8,นางทิพา ปวีณาเสถียร,พรรคประชาชน,143,304,0.47039473684210525,0.7340425531914894,0.043478260869565216,True
558c7a00b454ea4c305b8b75e3aa77d633178c89611079cc3f6a3234361df534,ลำปาง,1,5,หัวเมืองฯ,เลียบคลอง,8,นางทิพา ปวีณาเสถียร,พรรคประชาชน,142,267,0.5318352059925093,0.6893617021276596,0.06790123456790123,False
4ef9125235bfcefeafdba7e956d5ffbaf28c8ef855be33d602642edc4e5df4ce,ลำปาง,1,2,เมือง,ฟ้าฮ่า,8,นางทิพา ปวีณาเสถียร,พรรคประชาชน,142,358,0.39664804469273746,0.65814696485623,0.06796116504854369,True
df768f9a55becfbfaf25f0daebf359568f0a0c94fb7daa02703e777fa6b70949,ลำปาง,1,10,เชิงชิต,ป้อมทอง,8,นางทิพา ปวีณาเสถียร,พรรคประชาชน,141,321,0.4392523364485981,0.8220720720720721,0.06301369863013699,False
bdf304839611369ab67c26c015e070aae9f1aeb0eaad8a0eded11fdcd6cb1cf2,ลำปาง,1,6,เมืองลำปาง,ทุ่มฝาย,4,นายกิตติกร โล่ห์สุนทร,พรรคเพื่อไทย,141,360,0.39166666666666666,0.7421052631578947,0.08747044917257683,True
514d6a5522c08c46da4fc626663fa0a377cf690362c52d19c68c03f8215310b5,ลำปาง,1,49,เมือง,สมชัย,8,นางทิพา ปวีณาเสถียร,พรรคประชาชน,140,290,0.4827586206896552,0.6539923954372624,25.334302325581394,False
3c35738e18f3971a73a0533f74a7df692a4cf62058fe603baa45650a399ecc3a,ลำปาง,1,9,ห้างฉัตร,หนองหล่ม,8,นางทิพา ปวีณาเสถียร,พรรคประชาชน,140,296,0.47297297297297297,0.7418604651162791,0.003134796238244514,False
bbb2030be068a0c771668f53758eb121d2457a483fd4493688dd7ad87f6cfc11,ลำปาง,1,72,เมือง,ชมพู,8,นางทิพา ปวีณาเสถียร,พรรคประชาชน,140,305,0.45901639344262296,0.6666666666666666,0.029940119760479042,True
dc48937e7fc6f88daa28f8f03e0d9bc7f39c1993d1b3186b5d687db010378b37,ลำปาง,1,4,อำเภอ/เขต เมือง,ตำบล/แขวง/เทศบาล,8,นางทิพา ปวีณาเสถียร,พรรคประชาชน,139,271,0.5129151291512916,6.787234042553192,0.034482758620689655,True
aba0b21cb879ef6682b8eacf742bccce57fa9860d541f4c6986c3b4133fab161,ลำปาง,1,8,เมือง,ป่านาเฒ่า,8,นางทิพา ปวีณาเสถียร,พรรคประชาชน,139,319,0.43573667711598746,0.7543478260869565,0.037463976945244955,False
d97c65fdf911900af40f38a723fd4c90063175a9bc9be88cf734552aa4c829dc,ลำปาง,1,41,เมือง,ปอแล้ว,8,นางทิพา ปวีณาเสถียร,พรรคประชาชน,138,298,0.46308724832214765,0.7084188911704312,0.0463768115942029,True
f0f42d8fa01e8961542a4772057844a9ebc1cc6321d193749e08693209b51a9d,ลำปาง,1,2,เมือง,บ้านเป้า,8,นางทิพา ปวีณาเสถียร,พรรคประชาชน,138,328,0.42073170731707316,0.6864244741873805,0.04735376044568245,True
d2554d345b7834f5866c4e4ac426604e702eefad1eef23f2c0c7023078949d9b,ลำปาง,1,11,เมืองลำปาง,ทุ่งบาง,8,นางทิพา ปวีณาเสถียร,พรรคประชาชน,138,308,0.44805194805194803,0.6729678638941399,0.03651685393258427,True
b090919d1850f64b1d14fc661b7ebf3348b952f5cf0edaaf0e64449c942613c0,ลำปาง,1,13,ห้างฉัตร,เมืองยาว,8,นางทิพา ปวีณาเสถียร,พรรคประชาชน,138,321,0.42990654205607476,0.7333333333333333,0.05397727272727273,False
b1db17558508ea49b2bfd8c054fdac397ea51c175a97fdc1c5ae1ec75324bba4,ลำปาง,1,7,เมือง,นิคมพัฒนา,8,นางทิพา ปวีณาเสถียร,พรรคประชาชน,137,255,0.5372549019607843,0.8263305322128851,0.020338983050847456,False
ee12d2aa4cceb771d0b7a80a8115a279ebde54021dd81a89880fdb6aac3e6998,ลำปาง,1,9,นางจิกร,แม่สิม,8,นางทิพา ปวีณาเสถียร,พรรคประชาชน,137,333,0.4114114114114114,0.808695652173913,0.043010752688172046,False
11bfd03a154a8c57aae02047182dd393fc35895d4d7a6d15a551bb4ed1cf6f74,ลำปาง,1,60,เมือง,พระบาท,8,นางทิพา ปวีณาเสถียร,พรรคประชาชน,137,304,0.4506578947368421,0.6756756756756757,0.017142857142857144,False
bc278335c2ecf68a4d14c5c76cc9fee1dadb4836884536bd2bda08658a975b6e,ลำปาง,1,3,เพิ่ม,ป่าเหลื่อม,8,นางทิพา ปวีณาเสถียร,พรรคประชาชน,136,319,0.4263322884012539,0.7253668763102725,0.04046242774566474,True
188b235462977ae32ee4e62b12a1ed03d1047ac11be4d21840b036085d378032,ลำปาง,1,41,เมือง,สามชัย,8,นางทิพา ปวีณาเสถียร,พรรคประชาชน,136,286,0.4755244755244755,0.6961206896551724,0.058823529411764705,False
f010921edd2a84c89a15532c3eaedf481b2bc448eb387e93077ba20dccc85370,ลำปาง,1,16,เมือง,เชียงใหม่,8,นางทิพา ปวีณาเสถียร,พรรคประชาชน,134,299,0.44816053511705684,1.0057142857142858,0.04261363636363636,True
54bbb628e1dac226ead0ee22ca633ebd483a7d843002dd7df6be5eafc622a020,ลำปาง,1,8,เมือง,สามย่าน,8,นางทิพา ปวีณาเสถียร,พรรคประชาชน,134,282,0.475177304964539,0.6454720616570327,0.05970149253731343,False
a70e8dfe6db1e7552be767accc81de873317832d058b2ce2b17d10aafc23826b,ลำปาง,1,59,เมือง,พระบาท,8,นางทิพา ปวีณาเสถียร,พรรคประชาชน,133,275,0.48363636363636364,0.6332665330661322,0.02531645569620253,False
0512b5ca8a8cf36beadf072816581b52227e034f9396aa52f2c14727348452de,ลำปาง,1,23,เมืองลำปาง,คันถังชัย,8,นางทิพา ปวีณาเสถียร,พรรคประชาชน,132,275,0.48,0.7275132275132276,0.01818181818181818,False
ce6c2f52d14e2ee85a81a959f00ea6d4a7c79eb2e36533f081f7d0cd23d8f4c0,ลำปาง,1,61,เมือง,พระบาท,8,นางทิพา ปวีณาเสถียร,พรรคประชาชน,130,286,0.45454545454545453,0.6529774127310062,0.018867924528301886,False
ba2fce20fcb3de3481aa4e52af75d235efc9db1235d5d2cb3c28f7ba0a23b217,ลำปาง,1,63,เมือง,พระบาท,8,นางทิพา ปวีณาเสถียร,พรรคประชาชน,129,283,0.4558303886925795,0.62890625,0.040372670807453416,False
04f40d7e5403533a53ad2ab0e29126bf8593f845e0a93df07488f982ddf23ee3,ลำปาง,1,14,เมือง,บ้านเอื้อม,8,นางทิพา ปวีณาเสถียร,พรรคประชาชน,129,257,0.5019455252918288,9.433333333333334,0.038869257950530034,False
1ea7cb30a2c09996218670ac2e0c2c4c052cbd401e875ee82cf24191bc84a6e7,ลำปาง,1,8,ปักธารา,เมืองฯ,4,นายกิตติกร โล่ห์สุนทร,พรรคเพื่อไทย,128,302,0.423841059602649,0.7617021276595745,0.10614525139664804,True
cc5820164f37a04be1fff117c230e504938139ac0c017f0455104bc106f34c4a,ลำปาง,1,9,เมือง,บ้านเป้า,8,นางทิพา ปวีณาเสถียร,พรรคประชาชน,128,276,0.463768115942029,0.7555555555555555,0.0392156862745098,True
c672553f4a4460b160ac2fa08075035d74913d315e9c04d7ae33b5f02234cf90,ลำปาง,1,50,อำเภอ/เขต เมือง,ตำบล/แขวง/เทศบาล,8,นางทิพา ปวีณาเสถียร,พรรคประชาชน,128,263,0.4866920152091255,0.555765595463138,0.017006802721088437,True
b6b045fff18f8653256c2d43aeead038702515fa1bfdd92c4383c41b7f7e17af,ลำปาง,1,12,เมือง,ห้ามนำ,8,นางทิพา ปวีณาเสถียร,พรรคประชาชน,128,265,0.4830188679245283,0.6056910569105691,0.03691275167785235,False
31c9279f04e0f99db4bd1c4cf9f13c97fc1d12671ef090d99e0af8884fdda6a5,ลำปาง,1,7,หัวเมืองฯ,วงศ์แก้ว,4,นายกิตติกร โล่ห์สุนทร,พรรคเพื่อไทย,128,282,0.45390070921985815,0.6736842105263158,0.075,True
b47f669ae46f82c3ceb50a49add79a29ed626ee93c1a673206d478e23290d0d0,ลำปาง,1,10,ค่างฉัตร,เมืองยาว,4,นายกิตติกร โล่ห์สุนทร,พรรคเพื่อไทย,126,271,0.46494464944649444,0.6617336152219874,0.0670926517571885,False
ef95b5691b49a52ddd822d17261a0d9b29fc87ad9a7e7cc194cfa8bebef1b2de,ลำปาง,1,20,เมือง,ห้องจ่าย,8,นางทิพา ปวีณาเสถียร,พรรคประชาชน,126,259,0.4864864864864865,0.5991471215351812,0.017793594306049824,False
573ce095907104e89da4c11e20d9e03a7c7e31e45e459364e000f6e94cd970f4,ลำปาง,1,2,กำแพงเพชร,66043,4,นายกิตติกร โล่ห์สุนทร,พรรคเพื่อไทย,126,301,0.4186046511627907,0.8475,0.05014749262536873,True
7fcf866f43d120a139cd576ac83c07852bd9f8a92a3c9d52e756d6df55d7058b,ลำปาง,1,13,เมืองลำปาง,เจียงเหลือง,8,นางทิพา ปวีณาเสถียร,พรรคประชาชน,126,290,0.43448275862068964,0.6706349206349206,0.05621301775147929,False
428870e01e2467dd2e7af6535874cb41190271cf2582e7ddf1afad8a242fdbf3,ลำปาง,1,21,เมือง,หัวเวียง,8,นางทิพา ปวีณาเสถียร,พรรคประชาชน,126,218,0.5779816513761468,0.6,0.03292181069958848,True
3b9c11a132d720ee8649c48a2989468b0690d706069840791ba719425957cee0,ลำปาง,1,11,เมืองลำปาง,เวียงเหนือ,8,นางทิพา ปวีณาเสถียร,พรรคประชาชน,125,292,0.4280821917808219,0.6296296296296297,0.20588235294117646,False
4faa0d43b0b7b34ee7425a91a00074dd3847d879a543f773690b47ddcf4143a2,ลำปาง,1,3,เชียง,บ้านเป้า,8,นางทิพา ปวีณาเสถียร,พรรคประชาชน,125,306,0.4084967320261438,0.7184873949579832,0.029239766081871343,False
7b55eb7e724f907a5f24ece46f1a6f91c2ad63a49572e59ec40f7f6e3256dad0,ลำปาง,1,1,เมืองลำปาง,นิคมพัฒนา,4,นายกิตติกร โล่ห์สุนทร,พรรคเพื่อไทย,124,292,0.4246575342465753,0.601113172541744,0.040123456790123455,True
c0451cf1e7c5773191d2c6fe4df3befb49960d8ceb3c766c66a2be888d23c0fa,ลำปาง,1,26,เมืองลำปาง,หัวเวียง,8,นางทิพา ปวีณาเสถียร,พรรคประชาชน,124,245,0.5061224489795918,0.6128318584070797,0.8772563176895307,False
1586391cc96af0585527210505e5339bc08fbb2646fde0541145d2f3ff881bad,ลำปาง,1,22,เมือง,หัวเวียง,8,นางทิพา ปวีณาเสถียร,พรรคประชาชน,123,244,0.5040983606557377,0.616822429906542,0.0,False
cbecbe73014d636ffca94d517635eb66bf64dd2f06a061f84b055bc805fad535,ลำปาง,1,14,นางจิตร,ฟองคอก,8,นางทิพา ปวีณาเสถียร,พรรคประชาชน,123,258,0.47674418604651164,0.7962962962962963,0.06312292358803986,False
cc6536c46598c192be716c29320e9c7db55debb3409d8f69c96f19134dea0af6,ลำปาง,1,3,อำเภอ/เขต,ตำบล/แขวง/เทศบาล,8,นางทิพา ปวีณาเสถียร,พรรคประชาชน,119,291,0.40893470790378006,0.7785714285714286,0.039755351681957186,False
bb19b05398629810e25ef5edc460590ef105ed0e07c6391f82920922c0d74de4,ลำปาง,1,1,ปักธิวาเขตรถาง,40,8,นางทิพา ปวีณาเสถียร,พรรคประชาชน,119,267,0.44569288389513106,0.7567567567567568,0.39285714285714285,False
c7bee79332680f699f3d6971b8e087e6024ba3d8016e9fc392bd0f2b25c3d3e2,ลำปาง,1,3,หัวเมืองฯ,แม่สัน,4,นายกิตติกร โล่ห์สุนทร,พรรคเพื่อไทย,119,309,0.3851132686084142,0.7305263157894737,0.040345821325648415,True
d2384a2bd33652e80105c2c562e01f22950755d97af08a268ee208aa5a248fd3,ลำปาง,1,1,ซำจักร,เมืองยาง,8,นางทิพา ปวีณาเสถียร,พรรคประชาชน,118,304,0.3881578947368421,0.9119804400977995,0.024128686327077747,True
941c14853485f8105c4f37545d4cd88645455b8b9eb3c96d2ed925dbaa8b1a22,ลำปาง,1,5,เมือง,ปุณฑาราม,8,นางทิพา ปวีณาเสถียร,พรรคประชาชน,117,270,0.43333333333333335,0.702576112412178,0.06333333333333334,False
3f40a200c3f5d87105b2d6c78cc1ed3d81158a07c1b8f9ed2edcf5276a7ee9dc,ลำปาง,1,11,ห้างฉัตร,เมืองฯ,8,นางทิพา ปวีณาเสถียร,พรรคประชาชน,117,321,0.3644859813084112,0.7833333333333333,0.030395136778115502,False
dd07b6e31a512cdb02b73184213f1681154aa03d73ea8a6d142f19e3a6f336e4,ลำปาง,1,10,ถาวรวิทยา,เวียงตาล,8,นางทิพา ปวีณาเสถียร,พรรคประชาชน,115,276,0.4166666666666667,0.7785714285714286,0.06116207951070336,True
129912318a79b4e48c89cfd46a9f91d868c5424e02ba8e2e249b76f9b2628915,ลำปาง,1,28,เมืองลำปาง,หัวเมืองอำเภอ/เขต เมืองลำปาง,8,นางทิพา ปวีณาเสถียร,พรรคประชาชน,115,219,0.5251141552511416,0.6142506142506142,0.044,False
cf32649ee1944a152fdf8620da7ecdae042e61d4908d146bc64b0cdb8c987943,ลำปาง,1,64,เลื่อน,พระยา,8,นางทิพา ปวีณาเสถียร,พรรคประชาชน,115,243,0.4732510288065844,1.2372881355932204,0.08561643835616438,False
3454cdfdccd12eed9ea8e336402d5323a9f0a1b539b87f9380d03c385b752cff,ลำปาง,1,1,เชิงทะเล,เชิงทะเล,8,นางทิพา ปวีณาเสถียร,พรรคประชาชน,114,262,0.4351145038167939,0.6405919661733616,0.0297029702970297,False
7ef0da48f7892624ac0519baf8dc5db75807377fd92134a3c3910b574640b8f6,ลำปาง,1,1,เมืองลำปาง,เวียงเหนือ,8,นางทิพา ปวีณาเสถียร,พรรคประชาชน,114,260,0.43846153846153846,0.6506849315068494,0.05263157894736842,False
9f68378bbc0a1b47c3b7516d66d35d4113afe10a733d6e6ca8ea5694e115ac07,ลำปาง,1,5,เมือง,บ้านเชื่อม,8,นางทิพา ปวีณาเสถียร,พรรคประชาชน,112,246,0.45528455284552843,0.7506925207756233,0.05166051660516605,False
91bab61a6f454f143bd3606de41167892712381723e632c8bf17daa6667a6ece,ลำปาง,1,7,เมือง,มานายเอื้อม,4,นายกิตติกร โล่ห์สุนทร,พรรคเพื่อไทย,112,239,0.4686192468619247,0.7034120734908137,0.0708955223880597,False
04064c739bb309b8835c6af157d6ad1cf94144b35994c83b7160cee3a92283e2,ลำปาง,1,6,ทางเข้า การ,เมืองตาล,8,นางทิพา ปวีณาเสถียร,พรรคประชาชน,112,305,0.36721311475409835,1.4,0.2857142857142857,False
d9c704fc73262a350dc9c7011373b7df541e0def363d578304dc69135315d481,ลำปาง,1,34,เมือง,สวนดอก,8,นางทิพา ปวีณาเสถียร,พรรคประชาชน,111,255,0.43529411764705883,0.6146044624746451,0.04950495049504951,False
322de201ad83536a09b3b0b30e57ce568a531fa970259a86b6d156bed45266ed,ลำปาง,1,2,เมืองลำปาง,ทุ่งฝาย,4,นายกิตติกร โล่ห์สุนทร,พรรคเพื่อไทย,111,398,0.27889447236180903,10.05,0.1791044776119403,False
67291fe4a3e340de451fba51718af370a48862bfbf0aae54ad4a680d5b278fb9,ลำปาง,1,9,ขำฉ้อครู,ปะนาเถา,8,นางทิพา ปวีณาเสถียร,พรรคประชาชน,110,277,0.3971119133574007,0.7304347826086957,0.09523809523809523,False
1c11a72209b392cbcecaff9d94339586c50d3d44561e86772c305ea1d1d27f15,ลำปาง,1,11,ซังฮัตร,เชียงตาล,8,นางทิพา ปวีณาเสถียร,พรรคประชาชน,110,230,0.4782608695652174,6.5,0.676923076923077,False
b55fcef0baa2486e49eceb39785bcbaa318dcf140d63fd5b801603beb04fc684,ลำปาง,1,4,เมืองลำปาง,ท่าฝาย,8,นางทิพา ปวีณาเสถียร,พรรคประชาชน,109,260,0.41923076923076924,0.7659033078880407,0.06312292358803986,False
1374343ef3ee9734c8a7e1697a1bc569522589882e2353d79f034285d3ae52a0,ลำปาง,1,55,เมือง,สิบเอ็ด,8,นางทิพา ปวีณาเสถียร,พรรคประชาชน,109,198,0.5505050505050505,0.653179190751445,0.030973451327433628,False
e0e8e20a1f1d43969908969c593be24c70fafd019247ad9a4b69d08c0d947d0a,ลำปาง,1,4,เลื่อง,ปิยะเจียม,4,นายกิตติกร โล่ห์สุนทร,พรรคเพื่อไทย,109,493,0.2210953346855984,4.706422018348624,0.06432748538011696,False
4009fb6b67e7f0e0c260541fdc08527bdbaac1cc600dbbaf1f7c9971ccd5c496,ลำปาง,1,4,หางคู,หนองหล่ม,4,นายกิตติกร โล่ห์สุนทร,พรรคเพื่อไทย,108,221,0.48868778280542985,0.81875,0.03816793893129771,True
6d893080c4f03d2bf47c1f8587283001c16c3e0d8378d85180b11d6358b07022,ลำปาง,1,4,เมืองฯ,มังกรทอง,8,นางทิพา ปวีณาเสถียร,พรรคประชาชน,108,261,0.41379310344827586,0.7765042979942693,0.04797047970479705,False
4064223b3de1c88a2ef6ff0b9a30611913da07af9cb915d46f8879435b522b87,ลำปาง,1,5,เมือง,เชียงเหนียว,8,นางทิพา ปวีณาเสถียร,พรรคประชาชน,107,216,0.49537037037037035,1.4759358288770053,0.010869565217391304,False
fecde8188468aabb23c9f1cbfe31dc985751fce912a37406ac3bbe379edb351a,ลำปาง,1,47,เมือง,สยชุ่ย,8,นางทิพา ปวีณาเสถียร,พรรคประชาชน,107,257,0.4163424124513619,0.6333333333333333,0.031578947368421054,False
76917851712e75be04a94cc74c6fc61340079f9053797d65e76f2ccea41a627c,ลำปาง,1,9,เพื่อ,ทุ่งฝาย,8,นางทิพา ปวีณาเสถียร,พรรคประชาชน,105,271,0.3874538745387454,0.7420924574209246,0.036065573770491806,True
a220923a9b94f52e1ad75e6ba324a77ceaeb6522938959ab5c9798a00d0100dd,ลำปาง,1,15,ห้าชนิด,เมืองฮาว,4,นายกิตติกร โล่ห์สุนทร,พรรคเพื่อไทย,105,328,0.3201219512195122,0.7906976744186046,4.647058823529412,False
c8b35a791b99e8c98273adf6ea641578dc450a24ed15ccd1da7ae5151caca1b2,ลำปาง,1,4,เมืองอำนาจ,ปุณฑิตพิมพา,4,นายกิตติกร โล่ห์สุนทร,พรรคเพื่อไทย,104,246,0.42276422764227645,0.6357308584686775,0.07664233576642336,False
3b6dffaa888ccd263e36e97f94ce5a6fa0b916a9de58b9f58fa78070230b3550,ลำปาง,1,6,ห้องพักอาศัย,หนองหล่ม,4,นายกิตติกร โล่ห์สุนทร,พรรคเพื่อไทย,104,244,0.4262295081967213,0.7794117647058824,0.011320754716981131,True
b9440919dbdda86c4f12ae51af871557a7d92c2e6f9a621e185512a28ee81fb7,ลำปาง,1,6,เมือง,โนนม่วง,8,นางทิพา ปวีณาเสถียร,พรรคประชาชน,103,218,0.4724770642201835,1.1609756097560975,0.02100840336134454,True
2da73374d7e953b1988ad7adc377c600d2db4153f4825beacfce131df8505abc,ลำปาง,1,44,ลำปาง,สยาม อิชิตุโย,8,นางทิพา ปวีณาเสถียร,พรรคประชาชน,102,238,0.42857142857142855,1.1476997578692494,0.014767932489451477,False
9a627c19a84bc713296a4d304ee902ff3c54107ddc383a0b58d8abc67b5b2678,ลำปาง,1,3,เมืองลำปาง,เวียงเหนือ,8,นางทิพา ปวีณาเสถียร,พรรคประชาชน,102,273,0.37362637362637363,0.651356993736952,0.04487179487179487,False
15d674eaca1d5182cd5a262c7d200cc84a5b4d801fd94c4b2d55197bae0fbf4e,ลำปาง,1,43,เมืองเชียงใหม่,สวนจิ๋ม,8,นางทิพา ปวีณาเสถียร,พรรคประชาชน,102,222,0.4594594594594595,0.7333333333333333,0.01893939393939394,False
a6de175b0bb4495b004ccea0ee56115603d7fc6b888b7b3f06b7295ae90b722a,ลำปาง,1,5,ห้ามฉ้อจารย์,หนองหล่ม,8,นางทิพา ปวีณาเสถียร,พรรคประชาชน,102,199,0.5125628140703518,0.7737226277372263,0.018867924528301886,True
d29e3fe55f2f004ffd4185d701772408af5169d6c04ebc71838412223e440eb1,ลำปาง,1,15,เมือง,มาน้ำเมือง,4,นายกิตติกร โล่ห์สุนทร,พรรคเพื่อไทย,101,196,0.5153061224489796,0.739413680781759,0.08370044052863436,True
857741a8bfb252a290fabb4c96223cd3f66c275da05af37d177cac2dbe7d4f82,ลำปาง,1,3,เมืองลำปาง,น้ำค่ำ,8,นางทิพา ปวีณาเสถียร,พรรคประชาชน,101,230,0.4391304347826087,0.7194444444444444,0.0888030888030888,True
5a4d99e831ad330144ff9e7eef91bf84d5c0504e2fcb6bb49db1cdd43c178147,ลำปาง,1,43,เมือง,สบค.,8,นางทิพา ปวีณาเสถียร,พรรคประชาชน,101,245,0.4122448979591837,0.6214442013129103,0.045774647887323945,False
4b2e389c14a7b276992969d124a92f24340368cd6593c079242db6692de60b9d,ลำปาง,1,10,เขตเลือกตั้งที่ 1,สำนักอิ่ม,8,นางทิพา ปวีณาเสถียร,พรรคประชาชน,101,211,0.4786729857819905,0.6929347826086957,0.06274509803921569,False
4cf43ebce0b42f0faeb63049a7f4f9bac23ba3de432ae2edb075ef345ff5492c,ลำปาง,1,2,เมืองลำปาง,ยุทธนาพิมพา,8,นางทิพา ปวีณาเสถียร,พรรคประชาชน,99,352,0.28125,0.797962648556876,0.05531914893617021,False
df061997468f61cf78fe87e11b10b1fde0cbe16837f60c288a804ce6b7ab80c3,ลำปาง,1,3,อำเภอ/เขต เมืองฯ,ตำบล/แขวง/เทอมบาล เลื่อนมา,8,นางทิพา ปวีณาเสถียร,พรรคประชาชน,99,299,0.3311036789297659,1.2195121951219512,0.024,False
abdc44f09f988fb3757ea78464500146cf663fd223f94cfd4b6d0f25930b90bd,ลำปาง,1,12,เมืองลำปาง,เจียงเหนือ,8,นางทิพา ปวีณาเสถียร,พรรคประชาชน,99,249,0.39759036144578314,0.7073170731707317,0.07241379310344828,False
d0d276a5881e56195378ed805ae222aad4d4bbc5bbd2b8807b767fd13a31307b,ลำปาง,1,7,เมือง,นิคมพัฒนา,8,นางทิพา ปวีณาเสถียร,พรรคประชาชน,99,219,0.4520547945205479,0.7564935064935064,0.02575107296137339,False
bd84421c37ad0ff90ccc57fd52818b959b6b05e24fad987184d9d34d5a66b08e,ลำปาง,1,11,เพียง,ฟ้าแลอิม,8,นางทิพา ปวีณาเสถียร,พรรคประชาชน,98,239,0.4100418410041841,1.1691919191919191,0.032397408207343416,False
d66c6a5e546280231950978436195497af680eb23efff74043c1cba0503eb1f7,ลำปาง,1,3,เมือง,หิมพานยา,4,นายกิตติกร โล่ห์สุนทร,พรรคเพื่อไทย,98,278,0.35251798561151076,0.6643990929705216,0.04778156996587031,False
5d21724c8cb82ada5913ccaf79d787896fc24f0d850cbc5583c1c6b29ecf6907,ลำปาง,1,29,เมือง,นครลำปาง,8,นางทิพา ปวีณาเสถียร,พรรคประชาชน,97,199,0.48743718592964824,0.6376404494382022,0.01762114537444934,False
b5a81efbb1e9960258e880af298ca05cdb2f8fa8a55e56aa3b8c3e55335735e2,ลำปาง,1,4,เมืองลำปาง,ป้อมยิ้ม,8,นางทิพา ปวีณาเสถียร,พรรคประชาชน,97,168,0.5773809523809523,0.7647058823529411,0.02197802197802198,True
6594b016f5f01beb35646943f9d50fcd37492a39ced3f88d4a39c7436e3f0c8a,ลำปาง,1,4,............,นางลตร,8,นางทิพา ปวีณาเสถียร,พรรคประชาชน,97,202,0.4801980198019802,0.6900584795321637,0.05084745762711865,False
a7f1cfd116ff6372850c3223aa9b99fa2811eb7948f359da614c01dde123e1c8,ลำปาง,1,2,อำเภอ/เขต เมืองฯ,หมู่ที่ 2,8,นางทิพา ปวีณาเสถียร,พรรคประชาชน,94,232,0.4051724137931034,0.7139107611548556,0.03308823529411765,False
2ab1459231cb0d303f4c27214d89994b763d6da481bcc3a47b80570cdccd07e6,ลำปาง,1,53,เมือง,704,8,นางทิพา ปวีณาเสถียร,พรรคประชาชน,94,201,0.46766169154228854,0.5822102425876011,0.018518518518518517,False
1562c75d5e8fe43b1a13fabfb73108b2c6565b7cd8857c4f075e1857af4f9375,ลำปาง,1,7,หัวเมือง,แม่สิม,8,นางทิพา ปวีณาเสถียร,พรรคประชาชน,91,222,0.4099099099099099,0.6166666666666667,0.05855855855855856,False
959a20db48daf8077e00d117eae8f4dcd45a0338b2ce51e14505fc0de334015f,ลำปาง,1,9,เขตเลือกตั้งที่ ๑๑,มูลนายพิชชา,4,นายกิตติกร โล่ห์สุนทร,พรรคเพื่อไทย,91,248,0.36693548387096775,0.7473118279569892,0.050359712230215826,False
0f1740d31cce64e03953230a0ca7aa989279db4f6e95df431a222e37d3b9c28d,ลำปาง,1,3,เมือง,ม่อแร้ง,7,นางสาวอมลยา เจนตวนิชย์,พรรคประชาธิปัตย์,90,168,0.5357142857142857,0.6980392156862745,0.028089887640449437,False
bfb7b7e11895acff18acaaed319e57ea0b10e48c9c2ad18355b891495a715a21,ลำปาง,1,2,เมือง,หนองชัย,5,นายนริศ แสงบุญเรือง,พรรคไทยก้าวใหม่,90,368,0.24456521739130435,0.672082717872969,0.06813186813186813,False
4d85d62b548cec0226c925edb2726a57b8ccf43fb40c563230aee6ec59261606,ลำปาง,1,2,ห้างฉัตร,ออแก้ว,8,นางทิพา ปวีณาเสถียร,พรรคประชาชน,89,224,0.39732142857142855,0.7020057306590258,0.044897959183673466,True
ed11955ebb41a61387bea1dbe307659ae52fd3a5d3e49e3928df7a63db6ba2c2,ลำปาง,1,75,เมือง,ธมฺพ ไทยฯ,8,นางทิพา ปวีณาเสถียร,พรรคประชาชน,89,190,0.46842105263157896,0.7236024844720497,0.07296137339055794,False
dbc4c0b2a26746b4adddf8a34a0b0d25038c520ce54818e643cf87ab3a0a027e,ลำปาง,1,4,เมืองลำปาง,บ้านค่ำ,4,นายกิตติกร โล่ห์สุนทร,พรรคเพื่อไทย,89,233,0.38197424892703863,0.0023923444976076554,19.0,False
ac28bb0ea1eb01f99b41aaa29e703d4b2d85c542ed5615fc258bc0d73f393274,ลำปาง,1,57,เมือง,พระบาท,8,นางทิพา ปวีณาเสถียร,พรรคประชาชน,88,204,0.43137254901960786,0.6095717884130982,0.0371900826446281,False
7d4746b9e480dbe7fe8fb38775157ae1994c26b31ba2017834d8ffa34a43f2ac,ลำปาง,1,15,เมือง,เกียวเหนือ,8,นางทิพา ปวีณาเสถียร,พรรคประชาชน,87,220,0.39545454545454545,0.6502463054187192,0.03787878787878788,False
2ae3b59e050a1b28211f9e2ca91938a6306c8537df7f41132edd1d89deb8922e,ลำปาง,1,46,เมือง,สบุ๋ย,8,นางทิพา ปวีณาเสถียร,พรรคประชาชน,87,178,0.4887640449438202,0.6086956521739131,0.02857142857142857,False
c576fcd82c65919f953222498bc8ec45f3f5f1144e32b3d72c658da0100b925f,ลำปาง,1,9,น้ำจุกรา,เมืองฯ,4,นายกิตติกร โล่ห์สุนทร,พรรคเพื่อไทย,87,261,0.3333333333333333,0.7834224598930482,0.08873720136518772,False
371498078a21654a7df8224e56f03ae5fb2f62ef1e64a3ae7d7928d06efcfc8f,ลำปาง,1,9,หัวมิตร,นำมากล,4,นายกิตติกร โล่ห์สุนทร,พรรคเพื่อไทย,86,235,0.3659574468085106,37.57142857142857,0.057034220532319393,False
de1595317f62d3b6c468e687ee89c7d8d59ae9b3ff2d39a417012fb4ee3a4214,ลำปาง,1,6,ช้างเผือก,6409,4,นายกิตติกร โล่ห์สุนทร,พรรคเพื่อไทย,85,230,0.3695652173913043,0.726063829787234,0.06227106227106227,False
8391ff9c221cc18c2f4240c4ac87c7e554e6847af79d8f7c9680e8d0191e8b69,ลำปาง,1,42,เมือง,สุขุมวิทย์,8,นางทิพา ปวีณาเสถียร,พรรคประชาชน,85,258,0.32945736434108525,0.6825396825396826,0.027131782945736434,False
71a158eb5cd1e925ff8b5a4e8dd3818478c7a9e54b211e6986aaa017c26bc973,ลำปาง,1,14,เมือง,คันธงชัย,8,นางทิพา ปวีณาเสถียร,พรรคประชาชน,85,210,0.40476190476190477,0.636144578313253,0.11363636363636363,False
20762d806946911999df94d78fe0de728a12f4d10b29981942d7884063ba7915,ลำปาง,1,62,เมืองฯ,นครลำปาง,8,นางทิพา ปวีณาเสถียร,พรรคประชาชน,83,196,0.42346938775510207,0.06318681318681318,0.391304347826087,True
b48890935ef005801ebb7ac0a3b8f859962826b44313ec0727501ed090c04ca3,ลำปาง,1,13,เมือง,บ่อแล้ง,8,นางทิพา ปวีณาเสถียร,พรรคประชาชน,82,155,0.5290322580645161,0.6920152091254753,0.2967032967032967,False
910dfecc27ab4908868fb6525c916db8ff980fd27615b2355ad8f307fd489a18,ลำปาง,1,0,เมือง,หัวเรื่อง,8,นางทิพา ปวีณาเสถียร,พรรคประชาชน,81,159,0.5094339622641509,0.6171617161716172,0.0213903743315508,False
9d416107de5505b8edea183a653abf36a0d6ac1321d78dcb46e404ac95b76791,ลำปาง,1,6,อำเภอ/เขต กำแพงเพชร,เมืองฯ,1,นายอธิวัฒน์ ศรีไชยยานุพันธ์,พรรคคล้ายธรรม,80,180,0.4444444444444444,0.7458333333333333,0.055865921787709494,False
4d6b83632c1c83590b0d26cabc1eb15ea83d5c44c7e0920869387f19f0f980f5,ลำปาง,1,35,เมือง,สวนดอก,8,นางทิพา ปวีณาเสถียร,พรรคประชาชน,78,217,0.35944700460829493,0.6833333333333333,0.012195121951219513,False
5b135fd5e24b8d281c8484f4fa236c98cbac67aac906b0a9017ab34936e872f6,ลำปาง,1,4,เมืองไทย,มูลนายพิชชา,8,นางทิพา ปวีณาเสถียร,พรรคประชาชน,78,206,0.3786407766990291,0.7766666666666666,0.04721030042918455,False
a5f2c92675f20c17108253a3a0f965cec9d4ec22fc625da0afc6cf190a0db949,ลำปาง,1,11,ม่วงฉัตร,ปังยางคก,4,นายกิตติกร โล่ห์สุนทร,พรรคเพื่อไทย,77,236,0.326271186440678,0.7335243553008596,0.0234375,False
b0edf5986081b865306b8ea5766fd5d252b4e029c520d8f792e26404ad24c81c,ลำปาง,1,4,เมือง,นิคมพัฒนา,8,นางทิพา ปวีณาเสถียร,พรรคประชาชน,76,190,0.4,8.0,0.037037037037037035,False
d1a36575a786ccd790044d64f554e2acfe68b5749975234930ebd32e21d81933,ลำปาง,1,58,เมือง,พระบาท,8,นางทิพา ปวีณาเสถียร,พรรคประชาชน,76,151,0.5033112582781457,0.6481481481481481,0.017142857142857144,False
163d8bc732dd29d365df9c5be6097b7a584b23122abad2c972cd79e8c7949203,ลำปาง,1,4,ห้างฉัตร,เมืองยาว,4,นายกิตติกร โล่ห์สุนทร,พรรคเพื่อไทย,75,154,0.487012987012987,0.7521367521367521,0.056818181818181816,True
b6c27de612b9bf57ec0d9af6c5d308f55241cfb32af884bd21df29be372a0199,ลำปาง,1,10,เมืองลำปาง,คลองมิ้ว,8,นางทิพา ปวีณาเสถียร,พรรคประชาชน,72,148,0.4864864864864865,0.7568807339449541,0.03636363636363636,False
4f3bdb5e1ad369decbe230c5461942ffe0965828a3918a7e9d2f45d7909f06ff,ลำปาง,1,5,เมืองลำปาง,นิคมพัฒนา,4,นายกิตติกร โล่ห์สุนทร,พรรคเพื่อไทย,70,142,0.49295774647887325,0.77,0.032467532467532464,False
04d0a0fa76437268a0165e269b910250aa3d20fa56cd43f5f5fc862fc0f15da6,ลำปาง,1,36,เมือง,สวนดอก,1,นายอธิวัฒน์ ศรีไชยยานุพันธ์,พรรคคล้ายธรรม,70,200,0.35,0.5934718100890207,0.045,False
2d6d2a78f9cdbfc9f11c711d7fb32cc37bfa1e7aa07df766031eb63574c07b7c,ลำปาง,1,2,เมือง,ม้านลิ่ม,8,นางทิพา ปวีณาเสถียร,พรรคประชาชน,70,124,0.5645161290322581,0.6634146341463415,0.029411764705882353,True
3618f3b07935ef129a9acf610a703b457c86568dbefd7ad2f71404aeb3c3551c,ลำปาง,1,12,เมือง,น่อแป๋ว,8,นางทิพา ปวีณาเสถียร,พรรคประชาชน,69,122,0.5655737704918032,0.7906976744186046,0.014705882352941176,False
348890fc7fcab2a13492cd8bc715a538b34ad4abeb17c175ca122e9435de3194,ลำปาง,1,3,ห้างฉัตร,ห้างฉัตร,8,นางทิพา ปวีณาเสถียร,พรรคประชาชน,68,164,0.4146341463414634,0.737037037037037,0.08040201005025126,False
c463128bf9261417d9dc86d0d486d594d8229bce9829d8fa63b85318d132a48c,ลำปาง,1,8,ห้างฉัตร,เพลิน,4,นายกิตติกร โล่ห์สุนทร,พรรคเพื่อไทย,68,136,0.5,0.5592592592592592,0.033112582781456956,True
49e8d3bac27be1addf0c402e191bf1e4ea6240cbd714ae478056091132350493,ลำปาง,1,7,เมืองลำปาง,เชียงเหนือ,8,นางทิพา ปวีณาเสถียร,พรรคประชาชน,66,182,0.3626373626373626,0.6498422712933754,0.024271844660194174,False
5ae29c89724b8b047c66e3d48d8d40e13f065eec173bc11aa56460bd60087150,ลำปาง,1,13,เมืองลำปาง,นิคมพัฒนา,4,นายกิตติกร โล่ห์สุนทร,พรรคเพื่อไทย,64,169,0.378698224852071,0.7184115523465704,0.08542713567839195,True
cdb45baa56078ed7bacb4ae64c8835211578eb2ebf61b3f5aeacbc1561bcc910,ลำปาง,1,10,เมือง,บ้านเป้า,8,นางทิพา ปวีณาเสถียร,พรรคประชาชน,63,132,0.4772727272727273,0.7156398104265402,0.31788079470198677,False
73a57c23d4c09bfd931b1257cfc93aa48d8ee9267baf47729960c5fee288dc30,ลำปาง,1,30,เมืองลำปาง,นครลำปาง,8,นางทิพา ปวีณาเสถียร,พรรคประชาชน,63,167,0.3772455089820359,0.584375,0.0106951871657754,False
bd9cfcc83b2b1663f0f97768394f4b7eb7eedfd6fd16faf1a27ff1023b912cc5,ลำปาง,1,12,เมืองฯ,นิคมพัฒนา,4,นายกิตติกร โล่ห์สุนทร,พรรคเพื่อไทย,61,173,0.35260115606936415,0.7740585774058577,0.9351351351351351,False
9171d0a94aa2da15220713c306d803f80a67fb7bb3b6a77ba2c30e87fae4dfb0,ลำปาง,1,15,เมือง,คลองสอง,8,นางทิพา ปวีณาเสถียร,พรรคประชาชน,60,124,0.4838709677419355,7.428571428571429,0.07692307692307693,False
e0283cd4e2320bdd119236a8917f14ed6acf256f13c67c6afbb6b7bcb9e3c8b6,ลำปาง,1,8,เมือง,บุญหาดฟ้ามนา,4,นายกิตติกร โล่ห์สุนทร,พรรคเพื่อไทย,60,228,0.2631578947368421,0.76,0.08333333333333333,False
47450f13216126e0d3bbeb2b9265713ab938b7363c7b53476e859481222362cf,ลำปาง,1,2,ห้างฉัตร,วอแก้ว,8,นางทิพา ปวีณาเสถียร,พรรคประชาชน,60,163,0.36809815950920244,0.8061674008810573,0.06557377049180328,True
586deaa6ef52fee3108931a68ca6570f7b8fee446e73221b15bdd45a9ea40454,ลำปาง,1,12,ปางจักร,เวียงตาล,8,นางทิพา ปวีณาเสถียร,พรรคประชาชน,59,142,0.4154929577464789,0.7086956521739131,0.06134969325153374,False
925b99b97c8d07f170c9764968c83e7087315c8e857170b23e2ee91e46d82893,ลำปาง,1,15,ห้างฉัตร,ป.ช.ค.,8,นางทิพา ปวีณาเสถียร,พรรคประชาชน,57,134,0.4253731343283582,0.78,0.04487179487179487,False
2d3c3b93c7614d3e9da1040641b15caf81e0c91ba24603feab824355df4f21a9,ลำปาง,1,13,เมือง,ม้านเข้า,8,นางทิพา ปวีณาเสถียร,พรรคประชาชน,51,120,0.425,0.71875,0.028985507246376812,False
f3099959cd5871b17d22dda8bf1a1159b94da4ce45fc6dee6b00b513dfa4accc,ลำปาง,1,8,เมืองลำปาง,บ่อแฮ๋ว หนองกะทิม,8,นางทิพา ปวีณาเสถียร,พรรคประชาชน,49,124,0.3951612903225806,0.7976190476190477,0.022388059701492536,False
d6fd703976729599c2855388657b1362038bcc78cd8054fa60f73eebdfedf0e7,ลำปาง,1,7,น้ำจืด,เมืองฯ,4,นายกิตติกร โล่ห์สุนทร,พรรคเพื่อไทย,47,151,0.31125827814569534,0.7391304347826086,0.041176470588235294,False
c0efe625fc47439596c27bdddd45934dba23c583ce31975fcf9972d6605f32eb,ลำปาง,1,8,เมือง,นิคมพัฒนา,4,นายกิตติกร โล่ห์สุนทร,พรรคเพื่อไทย,47,181,0.2596685082872928,0.8185328185328186,0.08018867924528301,False
485a4f6487bf6914fceb4af505c8a51aac273cd6ccf4acbce8b5279bdfe782c8,ลำปาง,1,4,กำแพงเมือง,เมืองกำแพงเพชร,4,นายกิตติกร โล่ห์สุนทร,พรรคเพื่อไทย,46,76,0.6052631578947368,0.0,,False
f6b654f23de9a20843d4b57cb2dbf2034d19db2e668b1f4820e2952a34158434,ลำปาง,1,6,เมือง,บุญนาคพิทยา,8,นางทิพา ปวีณาเสถียร,พรรคประชาชน,43,100,0.43,0.8045112781954887,0.028037383177570093,False
7858339e0c53929496e2f002584eb3593946238d0ac729e02bcbc326a64ad1ff,ลำปาง,1,3,ฝั่งซ้าย,ม้านป่า,8,นางทิพา ปวีณาเสถียร,พรรคประชาชน,37,74,0.5,3.217391304347826,0.10810810810810811,False
881f8478e1a4c32e4b7b02be940b5b74c2b0abe905892b78db16d0765af6793a,ลำปาง,1,11,เมือง,นิคมพัฒนา,4,นายกิตติกร โล่ห์สุนทร,พรรคเพื่อไทย,35,94,0.3723404255319149,0.7285714285714285,0.0196078431372549,False
fe401d0ad8d5e1b76e447924610c5eb6050821df4fe06ac5afc8d3ef6c4db3ff,ลำปาง,1,7,เมือง,สามเสนชัย,7,นางสาวอมลยา เจนตวนิชย์,พรรคประชาธิปัตย์,30,55,0.5454545454545454,1.5,0.16666666666666666,False
c23969de3763646f3d19207798722f8218f20339711c21b41b8fce172e1e15b4,ลำปาง,1,1,ลำปาง,เหรียญดุษฎี,4,นายกิตติกร โล่ห์สุนทร,พรรคเพื่อไทย,21,68,0.3088235294117647,1.0,0.07954545454545454,False
59694acc0c8db29b66119e6d9dc7968edb3ad8de1fd90ddad7167771f4e9c15e,ลำปาง,1,3,เชียงใหม่,เวียงเหนือ,4,นายกิตติกร โล่ห์สุนทร,พรรคเพื่อไทย,8,422,0.018957345971563982,0.6616231086657497,0.029106029106029108,False
fd6dfbcc8bc97132a8e9122d7653e0c24fc7394e117e759ba0e7bc83fd47a4d8,ลำปาง,1,7,เมือง,มานค่า,5,นายนริศ แสงบุญเรือง,พรรคไทยก้าวใหม่,0,349,0.0,0.6126543209876543,0.09319899244332494,False
f7f5874cdadc00284fd2dad3f3108e3902883c1eadc07871375fff1e4758ac91,ลำปาง,1,14,เมือง,นิคมพัฒนา,8,นางทิพา ปวีณาเสถียร,พรรคประชาชน,0,267,0.0,0.7292161520190024,0.06840390879478828,False
036e9e16eee28cfa08249f71df5309eaf66214daf3ccfc16af70d7ed43d66e9b,ลำปาง,1,14,เมือง,เขื่องเหนือ,4,นายกิตติกร โล่ห์สุนทร,พรรคเพื่อไทย,0,200,0.0,0.6145251396648045,0.2590909090909091,False
026bc520371aa02d8850f4591fc02f918e074dcb52bbbcfccf3c2b329cea3b0d,ลำปาง,1,8,เมืองลำปาง,30,1,นายอธิวัฒน์ ศรีไชยยานุพันธ์,พรรคคล้ายธรรม,0,384,0.0,0.9914346895074947,0.18142548596112312,False
fe614a8c7f105e07fa0661bcb27896de1f643efb8122ec7f86541f397e933576,ลำปาง,1,11,เมือง,ม้านเป้า,1,นายอธิวัฒน์ ศรีไชยยานุพันธ์,พรรคคล้ายธรรม,0,188,0.0,0.7728937728937729,0.04265402843601896,False
5e61b82fe0143795b691c26d2c7ee499b4730f1da22032c6eac4f7bc3bdc4a9c,ลำปาง,1,74,เมืองฯ,ธมฟ,1,นายอธิวัฒน์ ศรีไชยยานุพันธ์,พรรคคล้ายธรรม,0,302,0.0,0.6565295169946332,0.04904632152588556,False
d202b0b49dec6ef57ea3b99a999ba697c27d72c68d3f6f44ccfde858eabbef3b,ลำปาง,1,71,เพื่อง,ธมห.,8,นางทิพา ปวีณาเสถียร,พรรคประชาชน,0,367,0.0,0.6475903614457831,0.030232558139534883,False
65c410a07494decd3a70d7b7036f193afb37dec6bc0d521f64eb1dfe0c171e0d,ลำปาง,1,4,เพิ่มลำปาง,ป่านคำ,7,นางสาวอมลยา เจนตวนิชย์,พรรคประชาธิปัตย์,0,231,0.0,1.9498607242339834,0.012857142857142857,False
049c9f74ec9652571bf1e6400aa1f9f19df0aef7e90bbc8957b17b84e816f297,ลำปาง,1,4,เมืองลำปาง,มอแซ็ค,3,นายชวนิต จันทรสุรินทร์,พรรคภูมิใจไทย,0,464,0.0,0.7273972602739726,0.02824858757062147,False
593b4119792da918ea5438e0af84be51673d85daf1a2c371a1f48cbb19842d02,ลำปาง,1,1,เมืองฯ,บ่อแล้ว,5,นายนริศ แสงบุญเรือง,พรรคไทยก้าวใหม่,0,359,0.0,0.7883895131086143,0.040380047505938245,False
6c7f86676fedd26b8329784d7de803f103e595efc238f0dfd0e9d341e426d722,ลำปาง,1,10,เมือง,นิคมพัฒนา,2,นายบุญเชิด พรมศร,พรรคโอกาสใหม่,0,162,0.0,0.749003984063745,0.05319148936170213,False
b51359796f2db407ef021ab13cd3752f01d6973d478084a2bd49065a848dde12,ลำปาง,1,2,เมืองลำปาง,หนองคาย,3,นายชวนิต จันทรสุรินทร์,พรรคภูมิใจไทย,0,281,0.0,0.6721311475409836,0.03048780487804878,False
88dd20ad6b1ca17bcb15bb65b7a2a240f248d00e9eb08c7a6d653584a745a541,ลำปาง,1,1,เมืองลำปาง,ท่าอิฐ,10,,,0,675,0.0,1.0,0.011842105263157895,False
cc929af275dabd5524d8089146088342e641ab78758187c86735e08070231e22,ลำปาง,1,15,เมืองลำปาง,ม่อแก้ว,2,นายบุญเชิด พรมศร,พรรคโอกาสใหม่,0,229,0.0,0.7959770114942529,0.036101083032490974,False
90e3b76127a1185f63dfa082b04a3b223f80c0911e4477be1ce3c1a234a1b4c8,ลำปาง,1,6,เมือง,เวียงเหนือ,4,นายกิตติกร โล่ห์สุนทร,พรรคเพื่อไทย,0,245,0.0,0.6300448430493274,0.02491103202846975,False
baf0ed3e20a8d225d0af5c89890cb44004232436fec926d171a80f80c9aef8c7,ลำปาง,1,80,เมือง,ฟอแฮ่,8,นางทิพา ปวีณาเสถียร,พรรคประชาชน,0,262,0.0,0.5965665236051502,0.025179856115107913,False
481e86f3371b3724ad41a9eff152f9bb22d7b93d3682aed17e1b9538a3a6a754,ลำปาง,1,25,เมืองพิมาย,หัวเมือง,5,นายนริศ แสงบุญเรือง,พรรคไทยก้าวใหม่,0,206,0.0,0.711764705882353,0.05371900826446281,False
11ae4f7d0e5d309a9587bdc34d701ad66943da25c4c8d55c97488a96ef47135c,ลำปาง,1,4,เมืองลำปาง,ทุ่มฟาย,3,นายชวนิต จันทรสุรินทร์,พรรคภูมิใจไทย,0,202,0.0,0.746875,0.04602510460251046,False
