จังหวัด,เขต,อำเภอ,ตำบล,จํานวนหน่วย,ผู้มีสิทธิ,มาใช้สิทธิ,บัตรใช้ไป,บัตรดี,บัตรเสีย,บัตรไม่เลือก,1. ไทยทรัพย์ทวี,2. เพื่อชาติไทย,3. ใหม่,4. มิติใหม่,5. รวมใจไทย,6. รวมไทยสร้างชาติ,7. พลวัต,8. ประชาธิปไตยใหม่,9. เพื่อไทย,10. ทางเลือกใหม่,11. เศรษฐกิจ,12. เสรีรวมไทย,13. รวมพลังประชาชน,14. ท้องที่ไทย,15. อนาคตไทย,16. พลังเพื่อไทย,17. ไทยชนะ,18. พลังสังคมใหม่,19. สังคมประชาธิปไตยไทย,20. ฟิวซัน,21. ไทรวมพลัง,22. ก้าวล่วง,23. ปวงชนไทย,24. วิชชั่นใหม่,25. เพื่อชีวิตใหม่,26. คลองไทย,27. ประชาธิปัตย์,28. ไทยก้าวหน้า,29. ไทยภักดี,30. แรงงานสร้างชาติ,31. ประชากรไทย,32. ครูไทยเพื่อประชาชน,33. ประชาชาติ,34. สร้างอนาคตไทย,35. รักชาติ,36. ไทยพร้อม,37. ภูมิใจไทย,38. พลังธรรมใหม่,39. กรีน,40. ไทยธรรม,41. แผ่นดินธรรม,42. กล้าธรรม,43. พลังประชารัฐ,44. โอกาสใหม่,45. เป็นธรรม,46. ประชาชน,47. ประชาไทย,48. ไทยสร้างไทย,49. ไทยก้าวใหม่,50. ประชาอาสาชาติ,51. พร้อม,52. เครือข่ายชาวนาแห่งประเทศไทย,53. ไทยพิทักษ์ธรรม,54. ความหวังใหม่,55. ไทยรวมไทย,56. เพื่อบ้านเมือง,57. พลังไทยรักชาติ
ลำปาง,1,,,8,1520,1520,6059,5152,25,210,340,406,145,2,4,42,6,13,432,16,60,7,12,0,2,5,0,1,0,0,2,0,0,2,0,1,155,8,24,1,0,1,0,2,6,0,395,9,3,1,10,9,2,4,5,3348,556,28,22,1,4,0,0,0,0,0,0
ลำปาง,1,,ทุ่งฝาย,1,579,409,409,346,39,24,10,3,4,12,4,3,3,4,75,1,0,0,0,0,0,0,0,0,0,0,0,0,0,0,0,0,0,0,0,0,0,0,0,0,0,0,37,4,0,0,0,2,0,2,0,132,1,3,2,0,0,0,0,0,0,0,0
ลำปาง,1,กำแพงเพชร,ปอดดาล,1,640,473,473,425,17,31,0,6,3,8,5,3,1,3,113,9,16,1,4,0,0,3,1,0,0,1,0,0,0,1,0,0,20,0,6,0,1,0,0,0,1,0,45,0,0,1,0,13,1,1,0,160,1,1,3,0,0,0,0,0,0,0,0
ลำปาง,1,กำแพงเพชร,ป้อมเจ้าหลวง,1,598,398,398,371,5,22,1,4,0,0,2,9,0,6,55,1,9,1,0,0,0,0,0,0,0,1,0,1,0,0,0,0,24,1,10,3,0,1,0,0,0,0,60,1,0,0,1,2,1,0,9,0,0,0,4,0,0,0,0,0,0,0,1
ลำปาง,1,กำแพงเพชร,หัวจังหวัด,1,474,493,487,443,20,39,3,17,1,6,6,5,0,6,104,2,25,2,4,0,0,2,1,0,0,1,0,1,1,0,0,0,8,0,5,1,0,0,2,0,1,0,51,0,0,0,0,3,0,1,1,180,2,0,0,0,0,0,0,1,0,0,0
ลำปาง,1,กำแพงเพชร,เมือง,1,496,379,349,358,67,9,1,12,0,8,2,4,2,0,147,0,8,2,7,3,0,0,3,0,0,0,0,0,0,0,0,0,3,0,0,1,1,0,2,2,1,0,12,5,0,6,0,0,1,2,2,127,0,0,3,0,0,0,0,0,0,0,0
ลำปาง,1,กำแพงเพชร,เมืองพิมล,1,672,436,436,397,39,12,4,7,2,14,7,6,0,6,151,5,9,0,3,1,1,1,0,0,0,0,0,0,0,1,0,2,10,0,0,2,2,0,1,1,1,0,32,2,0,0,0,0,0,0,0,11,0,2,2,0,0,1,0,0,0,0,0
ลำปาง,1,กำแพงเพชร,เมืองยาง,1,43,344,344,320,77,7,3,21,2,6,2,3,1,1,107,0,0,3,2,1,0,4,0,0,0,0,0,0,0,1,0,1,10,0,0,1,1,0,2,0,0,0,0,0,0,0,0,0,0,0,0,0,0,0,0,0,0,0,0,0,0,0,0
ลำปาง,1,จังหวัดลำปาง,สยาม อิมพานาชาลัย,1,413,274,274,252,10,12,0,9,0,2,0,10,0,6,39,0,8,0,1,0,0,0,0,0,0,0,0,0,0,0,0,19,0,0,2,0,1,0,0,1,1,0,47,1,0,0,2,0,0,0,102,0,3,2,0,0,0,0,0,1,0,0,0
ลำปาง,1,ถลาง,เชิงทะเล,5,1420,1199,1986,1937,342,107,4,42,6,30,12,17,5,16,387,6,49,8,21,91,4,7,4,2,0,1,1,0,11,1,0,3,37,84,5,3,4,1,4,4,1,2,146,4,0,0,2,9,6,15,189,643,11,7,5,1,1,0,0,1,2,1,4
ลำปาง,1,ถลาง,แม่จันทร์,1,37,90,259,231,16,19,2,5,2,6,0,3,1,4,58,4,11,2,4,1,1,2,0,0,0,0,0,0,0,0,0,0,15,0,0,1,1,1,1,0,1,0,26,4,0,0,0,2,0,0,1,69,1,1,0,0,0,0,0,1,0,0,0
ลำปาง,1,ทางจุฬาฯ,บางคล้า,1,400,400,400,391,3,6,0,0,0,0,0,2,1,0,8,5,7,15,4,3,3,3,3,3,3,4,3,3,3,3,3,3,4,3,3,3,3,3,3,3,2,2,2,2,2,2,2,2,2,2,2,2,2,2,2,2,2,2,2,2,2,2,2
ลำปาง,1,ทางเข้า,เมืองตาล,1,50,38,381,333,13,35,4,7,1,5,2,5,0,9,58,2,16,0,3,0,0,0,0,9,0,0,0,0,0,0,0,0,13,2,1,1,5,1,1,1,0,1,45,2,0,0,0,3,0,2,2,141,0,2,1,0,0,0,0,0,1,0,2
ลำปาง,1,นางฉัตร,เมืองขวาง,1,634,176,176,151,14,11,1,9,3,2,0,0,1,3,59,0,3,0,1,0,0,0,0,0,1,0,0,0,0,1,1,0,8,1,0,2,0,1,0,0,0,0,4,2,0,0,0,0,0,1,0,47,0,0,0,1,0,0,0,0,0,0,1
ลำปาง,1,น้ำจืด,หัวเม็ด,1,230,170,170,149,11,11,0,0,1,4,0,0,0,0,57,0,0,2,0,1,1,1,0,1,0,0,0,0,0,0,0,2,1,0,2,1,0,1,0,0,0,0,5,1,0,1,0,0,0,8,0,40,1,0,2,0,0,0,0,0,0,0,1
ลำปาง,1,น้ำปาปาง,ป่าเปา,1,546,408,408,380,9,19,1,7,0,14,1,0,2,10,151,1,0,2,4,0,0,0,0,0,0,0,0,0,0,0,1,18,0,2,1,0,0,0,1,0,0,1,31,5,0,0,0,0,0,0,0,116,0,3,2,0,0,0,0,0,0,0,0
ลำปาง,1,บางกะปิ,ป้อมเจ้าหลวงกรุงเทพฯ,1,573,395,395,359,10,26,0,1,1,0,1,5,1,5,2,1,10,3,4,0,0,1,1,1,0,0,0,0,0,0,0,0,23,0,2,0,0,0,0,0,0,0,49,0,0,0,0,4,0,0,0,178,0,4,2,0,0,0,0,0,0,0,0
ลำปาง,1,บางตลาด,นางลดา,1,340,236,236,202,16,14,0,7,1,0,1,3,0,1,49,0,10,1,2,0,0,0,1,0,0,0,0,0,0,0,0,0,9,1,2,0,0,0,0,0,0,0,13,1,0,1,0,4,0,1,0,92,0,0,1,0,0,0,0,0,1,0,0
ลำปาง,1,บางเขน,ถนน,1,400,339,339,314,9,16,2,9,1,9,4,2,1,4,134,0,9,0,2,0,0,0,0,0,0,0,0,0,0,1,1,0,3,2,2,0,0,0,0,0,1,0,23,2,0,2,0,0,0,4,1,94,0,0,0,0,1,0,0,0,0,0,0
ลำปาง,1,บางเขน,บางนาดำ,1,474,365,365,334,18,13,1,6,1,7,1,2,0,2,95,2,9,0,4,0,0,2,0,2,0,1,1,0,0,0,0,1,4,2,1,0,1,0,2,0,0,1,33,1,1,0,0,1,0,4,0,138,1,3,1,0,0,0,0,0,0,0,0
ลำปาง,1,ปางนคร,เชียงตาล,1,20,163,163,139,13,11,2,8,4,7,2,0,0,8,40,0,4,0,3,0,1,2,0,0,0,0,0,0,0,0,0,0,1,0,0,0,0,0,0,1,0,0,16,1,0,0,0,1,0,1,0,35,0,1,0,0,0,0,1,0,0,0,0
ลำปาง,1,ป้อมปราบ,บางเมตตา,1,370,470,470,470,30,13,4,10,1,4,1,5,0,6,129,1,19,1,4,2,1,2,0,0,0,0,0,0,1,2,0,1,17,2,0,0,0,0,0,0,0,1,28,1,0,0,0,7,0,0,0,158,1,0,3,0,0,0,0,0,2,0,0
ลำปาง,1,มัณฑารา,แพ่งิม,1,468,372,372,333,208,13,4,25,8,7,3,2,1,8,86,1,6,0,3,1,2,3,1,1,1,1,0,1,1,0,0,2,2,1,0,0,3,0,0,2,0,1,31,2,0,1,0,2,0,5,1,111,1,2,2,0,0,0,0,0,3,0,0
ลำปาง,1,ร้อน,ค่ายเซียง,1,639,454,454,392,28,34,1,9,0,13,3,4,1,8,90,2,8,1,6,0,1,4,1,0,0,0,0,0,0,1,0,1,15,1,2,0,1,0,0,2,1,1,37,1,0,0,1,2,3,0,0,176,1,2,3,0,0,0,0,0,3,0,1
ลำปาง,1,สร้อย,เชียงเหลือ,1,652,416,416,372,13,31,1,2,2,2,0,5,0,4,73,0,30,2,2,0,1,1,1,0,0,0,0,0,0,0,0,0,21,3,1,0,0,0,0,0,0,1,58,0,0,0,0,1,2,2,1,152,0,1,2,0,1,0,0,0,0,0,0
ลำปาง,1,สำนักงานเขตเลือกตั้งที่ 1,เมืองยาว,1,400,333,333,300,22,11,1,19,2,6,2,2,1,1,119,0,3,1,3,1,0,0,0,0,0,0,0,0,0,0,0,1,2,2,0,3,2,0,4,0,0,0,10,2,0,0,0,1,0,1,0,101,0,3,1,0,2,0,0,0,0,0,0
ลำปาง,1,หัวจ่าย,40,1,540,387,383,349,15,17,0,3,1,6,0,7,1,3,75,3,12,1,4,0,0,3,0,0,2,0,0,0,0,0,0,0,7,1,1,1,0,0,1,0,0,0,33,0,0,0,0,3,0,0,0,173,3,1,4,0,0,0,0,0,0,0,0
ลำปาง,1,หัวฉัตร,401,1,360,288,288,269,8,11,0,6,1,4,1,1,0,2,124,1,0,0,0,0,0,1,0,0,0,0,0,0,0,0,0,0,1,0,0,0,0,1,0,0,0,0,0,0,0,0,0,0,0,0,0,0,0,0,0,0,0,0,0,0,0,0,0
ลำปาง,1,หัวน้ำเข็ม,เชิงคาม,1,460,361,361,340,76,5,96,15,2,9,3,1,1,9,110,3,5,1,3,1,0,3,1,0,0,0,0,1,0,0,0,5,2,0,0,0,0,2,0,0,0,0,18,3,0,0,1,3,1,4,0,123,1,0,3,0,0,0,0,1,0,0,0
ลำปาง,1,หัวน้ำใส,เมืองฯ,1,376,376,376,337,30,9,3,4,2,6,5,3,0,5,104,1,6,1,7,1,0,2,2,0,0,0,3,0,0,1,0,0,6,0,0,3,0,0,1,0,0,1,29,2,0,0,0,5,0,2,1,73,1,1,1,0,0,6,0,0,0,0,0
ลำปาง,1,หัวพิตร,แม่สัน,1,360,254,254,231,26,23,0,9,1,3,0,2,0,2,89,2,5,0,2,1,1,4,0,0,0,0,0,0,0,0,0,1,4,0,0,1,2,0,0,0,0,0,13,2,0,3,0,0,0,0,42,0,2,1,0,0,0,0,0,0,0,0,0
ลำปาง,1,หัวมังกร,ป้อมคก,1,504,368,368,341,16,11,1,3,0,6,1,5,8,1,113,2,3,0,1,0,1,1,0,0,1,1,1,1,1,1,1,1,1,1,1,1,1,1,1,1,0,2,25,0,0,0,0,2,0,0,2,46,1,2,2,0,0,0,0,0,0,0,0
ลำปาง,1,หัวมิตร,นำมากล,1,341,263,263,235,14,14,2,5,4,6,0,5,0,1,78,0,11,1,0,0,1,0,0,0,0,0,0,1,0,0,10,0,6,0,0,0,1,0,1,0,0,2,29,0,0,0,0,0,1,2,0,76,0,4,0,0,0,0,0,1,0,0,0
ลำปาง,1,หัวยง,เมืองยาง,1,436,313,313,271,278,11,3,7,1,8,2,2,3,0,100,1,5,0,2,0,3,4,0,0,0,0,0,0,0,0,0,0,6,0,0,0,0,0,1,0,0,1,16,1,0,1,0,2,0,0,0,105,1,3,0,0,0,0,0,0,0,0,0
ลำปาง,1,หัวลักษณ์,เข้ามาลง,1,545,307,353,353,12,22,2,10,3,1,3,9,1,8,91,1,12,2,3,0,1,1,0,0,1,0,0,0,0,0,0,0,1,0,0,0,0,0,2,0,0,1,35,0,0,0,0,9,0,2,0,135,3,2,5,0,0,0,0,0,0,1,1
ลำปาง,1,หัวลังค์ครู,หนองเหลม,1,340,265,265,252,6,7,1,12,2,6,3,4,0,5,83,0,11,12,1,0,1,0,1,0,0,0,1,0,1,0,0,1,5,0,0,0,1,0,0,0,0,0,24,1,0,0,1,6,1,1,0,74,0,1,1,0,1,0,0,0,0,0,0
ลำปาง,1,หัวลิงคิตร,เมืองฯ,1,240,199,199,187,10,2,1,5,1,6,1,1,0,2,82,0,0,0,0,0,0,0,0,0,0,0,0,0,0,0,0,0,0,0,0,0,0,0,0,0,0,0,4,0,0,0,0,1,0,1,0,0,0,1,1,0,0,0,0,0,0,0,0
ลำปาง,1,หัวล่าง,ฟ้าแล้ง,1,40,0,578,537,19,22,2,17,5,11,4,7,8,12,157,1,15,0,10,0,0,2,2,0,0,0,0,1,0,0,0,1,9,1,2,1,0,2,1,2,0,47,3,0,0,0,0,2,1,1,0,203,1,5,9,0,0,0,9,0,0,0,0
ลำปาง,1,หัวล้านคร,หนองหลม,1,30,262,262,238,44,20,0,5,3,4,0,2,1,4,106,1,7,0,1,5,5,1,0,0,0,0,0,0,0,1,8,0,5,0,0,1,1,0,0,2,1,1,22,5,0,0,1,1,0,7,8,63,9,4,5,2,0,2,0,0,0,6,2
ลำปาง,1,หัวล้านฯ,บางนาดำ,1,49,518,518,472,26,20,3,18,2,12,0,5,0,7,152,2,16,1,3,0,2,2,1,0,0,0,0,0,0,0,0,0,10,0,1,0,0,1,3,1,0,2,27,0,0,0,0,2,2,13,0,195,0,3,2,0,0,0,0,0,2,0,0
ลำปาง,1,หัวล้านฯ,ปังยาวอก,1,379,303,303,280,9,14,3,5,2,4,3,5,0,1,84,2,6,2,3,0,0,1,0,0,0,0,0,0,0,0,0,0,17,0,0,0,0,1,0,0,0,1,32,0,0,0,0,11,0,2,1,91,0,2,1,0,0,0,0,0,0,0,0
ลำปาง,1,หัวหน้าจังหวัด,ห้างฉัตร,1,284,186,186,163,10,13,1,11,1,1,2,4,1,2,50,1,4,0,1,1,1,0,0,0,0,1,0,0,0,0,1,1,4,1,1,2,0,0,0,0,0,0,21,0,1,0,0,0,0,2,0,43,0,4,0,0,0,0,0,0,0,0,0
ลำปาง,1,หัวหินทร์,ห้างฉัตร,1,270,199,199,172,15,12,0,0,2,1,1,8,0,0,55,1,4,2,1,0,0,0,0,0,0,1,0,0,0,0,0,0,7,0,0,0,0,0,0,0,0,0,16,1,0,0,0,0,0,0,0,71,0,0,1,0,0,0,0,0,0,0,0
ลำปาง,1,หัวเมือง,วอแก้ว,1,340,245,245,229,10,2,3,9,2,5,1,1,0,2,80,0,6,1,2,0,0,1,1,0,0,0,0,0,0,0,0,0,0,0,0,0,0,0,1,0,0,0,25,1,0,0,0,1,0,1,0,77,0,1,2,0,0,0,0,0,0,0,0
ลำปาง,1,หัวเมือง,ห้างฉัตร,1,30,67,637,572,31,34,2,8,4,9,2,8,3,11,140,3,20,2,6,1,1,3,2,0,4,1,0,0,1,0,0,23,0,1,3,0,0,2,1,1,0,1,60,4,0,1,0,6,3,2,0,217,1,4,9,0,1,0,0,0,1,0,1
ลำปาง,1,หัวเมือง,แม่สน,1,475,347,347,306,16,113,0,0,0,6,1,4,0,4,116,0,4,1,4,1,0,1,0,0,0,0,1,1,1,0,0,3,5,0,0,0,0,1,2,1,0,1,15,4,0,0,0,0,0,2,0,107,1,5,1,0,0,0,0,0,0,1,0
ลำปาง,1,หัวเมือง เชต์,ปะยูหค,1,670,520,520,467,26,467,3,10,72,87,58,5,3,8,123,2,0,0,5,0,1,0,1,0,0,0,0,0,0,1,0,0,6,1,2,0,1,0,3,0,0,0,40,1,0,0,0,8,3,0,0,194,1,3,10,0,0,1,0,0,0,0,1
ลำปาง,1,หัวเมืองฯ,ห้ามจิตร,1,475,320,320,284,36,11,1,10,1,15,7,3,0,3,96,4,5,0,0,0,0,0,4,1,0,0,1,0,0,1,0,0,7,0,1,1,2,2,2,1,1,0,24,4,0,0,0,1,0,0,0,86,0,1,1,0,0,0,0,0,0,0,0
ลำปาง,1,หัวเสียง,มังยางคก,1,30,392,592,519,40,33,4,10,3,9,3,9,0,11,116,3,35,2,5,0,2,1,1,0,0,0,0,0,0,1,1,1,4,1,0,0,0,1,0,2,0,1,72,2,0,1,0,2,1,0,0,198,1,5,1,0,0,0,0,0,0,0,0
ลำปาง,1,หัวเสียตรา,ปังยางคก,1,378,301,301,262,17,22,2,3,4,5,6,7,8,9,10,0,3,1,3,0,0,2,0,0,0,0,0,0,0,0,0,1,6,0,0,1,0,0,2,1,0,0,32,0,0,1,0,1,3,2,0,104,1,2,1,0,0,0,0,0,1,0,0
ลำปาง,1,หางจิตร,เวียงตลาด,1,420,327,327,290,12,25,3,8,1,9,4,5,1,6,87,1,0,1,3,0,0,2,1,0,0,0,0,1,0,0,0,1,6,0,1,0,1,0,0,1,3,0,28,1,0,0,0,1,0,2,1,99,0,2,1,0,1,0,0,0,0,0,2
ลำปาง,1,หางฉัตร,ห้างฉัตร,1,30,570,570,510,60,0,0,1,11,3,8,4,5,4,4,129,14,3,5,0,1,3,3,0,0,0,0,0,0,0,0,1,20,2,0,0,0,0,0,1,0,0,0,0,0,0,0,0,0,0,0,0,0,0,0,0,0,0,0,0,0,0,0
ลำปาง,1,หางฉัตร์,หนองหล่ม,1,284,212,212,203,7,2,1,4,0,6,2,4,0,5,47,0,4,6,0,0,0,0,0,0,0,0,1,0,0,0,0,0,0,0,0,0,0,0,0,0,0,0,20,1,0,0,0,1,2,0,1,84,1,2,5,0,0,10,0,0,0,0,0
ลำปาง,1,ห่างจุตรเขตกลาง,หนองหลม,1,50,37,378,347,14,19,2,6,2,1,1,4,3,6,89,1,0,0,4,0,0,1,0,0,1,1,1,1,0,2,0,0,32,0,1,1,0,0,0,0,1,1,20,2,0,0,0,1,2,1,0,152,1,0,1,0,0,1,0,0,0,0,0
ลำปาง,1,ห้างจักร,เลของคาว,1,490,260,260,239,710,11,4,12,1,5,1,4,0,6,52,0,6,0,2,0,0,0,0,0,1,0,0,0,0,0,0,2,3,1,1,2,3,0,1,1,0,1,23,3,0,1,0,0,0,4,0,95,0,2,1,0,0,0,6,1,0,0,0
ลำปาง,1,ห้างฉกรรจ์,หนองหล่ม,1,705,506,506,467,467,19,1,11,3,7,2,10,0,6,108,3,0,1,5,0,0,2,3,0,0,1,0,0,0,0,0,4,17,2,3,0,1,1,0,0,0,0,37,1,0,0,0,2,4,0,2,214,0,3,0,0,0,0,0,0,0,0,0
ลำปาง,1,ห้างฉัตร,คำมล,1,70,512,512,463,37,12,7,17,2,27,1,5,1,10,187,0,5,3,0,0,0,3,0,0,0,0,0,0,0,2,0,0,5,0,0,0,2,0,0,0,0,0,8,3,0,0,0,7,0,2,1,159,1,2,2,0,0,1,0,0,0,2,0
ลำปาง,1,ห้างฉัตร,บางคล้า,1,200,156,147,147,4,44,1,2,1,2,1,1,1,2,39,0,11,1,0,0,0,0,0,0,0,0,0,0,0,0,0,0,0,0,4,0,1,0,0,0,0,0,12,1,0,0,0,0,0,1,0,55,1,2,2,0,0,0,0,0,0,0,0
ลำปาง,1,ห้างฉัตร,ประชาคม,1,349,256,236,239,7,10,1,4,0,1,2,5,1,3,81,1,16,1,7,0,1,2,0,0,0,1,0,1,0,0,0,0,1,1,1,0,0,0,1,0,0,0,13,0,0,0,0,1,0,4,0,89,0,0,0,0,0,0,0,0,0,0,0
ลำปาง,1,ห้างฉัตร,ปลายางฯลฯ,1,617,443,443,416,22,5,2,7,4,5,2,11,0,4,119,0,11,3,1,1,1,1,3,0,1,0,0,0,0,0,0,1,17,1,2,0,0,0,1,0,0,47,2,0,0,0,0,10,0,1,0,151,1,2,2,0,0,0,0,0,0,0,0
ลำปาง,1,ห้างฉัตร,ปอยางคก,1,467,259,259,259,1,7,0,0,0,0,0,0,2,0,13,0,0,0,0,0,0,0,0,0,0,0,0,0,0,0,0,0,0,0,0,0,0,0,0,0,0,0,9,0,0,0,0,0,0,0,0,226,1,0,0,0,0,0,0,0,0,0,0
ลำปาง,1,ห้างฉัตร,วอแก้ว,1,227,183,183,169,10,4,2,8,0,6,0,0,0,4,61,2,0,3,2,0,0,0,0,0,0,0,0,1,0,1,0,0,3,1,0,0,0,3,1,0,0,0,18,2,0,0,0,0,0,0,0,51,1,0,0,0,0,0,0,0,0,0,0
ลำปาง,1,ห้างฉัตร,หนองหล่อ,1,430,319,319,295,21,0,0,7,3,6,2,8,2,2,72,1,0,1,1,0,0,0,3,0,1,0,0,0,0,0,0,0,12,0,1,0,1,2,1,0,0,0,295,1,1,0,0,4,3,0,0,127,0,3,2,0,0,0,0,0,0,0,0
ลำปาง,1,ห้างฉัตร,หัวจักร,1,40,39,592,532,23,37,2,11,3,3,2,11,1,5,132,0,0,0,5,0,1,1,1,0,0,0,0,1,0,0,0,0,17,0,3,0,1,0,1,0,0,2,53,3,0,1,0,6,2,4,0,241,1,2,2,0,1,0,0,0,0,1,0
ลำปาง,1,ห้างฉัตร,ห้างฉัตร,2,1186,834,834,758,32,44,3,8,5,5,3,28,1,3,115,3,27,7,4,0,0,1,4,0,0,0,0,0,0,1,0,1,35,1,5,0,0,0,1,1,0,1,80,1,0,0,0,4,2,1,0,322,0,6,10,0,0,0,0,0,1,0,0
ลำปาง,1,ห้างฉัตร,อ่อนนุ่ม,1,697,481,481,433,29,19,1,14,4,11,3,4,2,6,155,2,0,0,0,0,0,0,0,0,0,0,0,0,0,0,0,0,0,0,0,0,0,0,0,0,0,0,0,0,0,0,0,0,0,0,0,0,0,0,0,0,0,0,0,0,0,0,0
ลำปาง,1,ห้างฉัตร,เชิงตาล,1,30,521,521,479,1415,27,3,11,1,6,5,3,3,5,162,2,12,2,4,1,1,3,1,1,0,1,1,0,1,0,0,1,12,1,4,1,6,1,1,0,1,0,37,2,1,0,0,8,0,2,1,163,1,4,1,0,1,0,0,0,0,0,1
ลำปาง,1,ห้างฉัตร,เมืองยาง,1,480,352,352,320,9,12,3,15,1,4,3,5,1,3,91,2,14,0,6,0,0,0,1,0,0,0,0,0,0,0,0,0,9,0,1,2,0,0,1,0,1,0,2,1,0,0,2,1,0,6,0,2,0,3,3,0,0,0,0,0,0,0,0
ลำปาง,1,ห้างฉัตร,เวียงศาล,1,412,412,412,374,8,30,0,15,4,5,5,6,1,8,94,2,15,5,6,1,0,3,0,0,2,0,1,0,1,0,0,1,12,0,3,0,0,1,0,0,0,2,23,1,1,0,0,1,1,8,0,140,0,0,6,0,0,0,0,0,0,0,0
ลำปาง,1,ห้างฉัตร,แฟล้น,1,270,151,151,136,5,10,0,4,2,7,0,0,0,2,61,2,1,2,2,0,0,1,1,1,0,0,1,0,0,0,0,0,3,0,2,0,0,0,1,0,0,0,9,2,0,0,0,1,0,0,0,31,0,0,0,0,0,0,0,0,0,0,0
ลำปาง,1,ห้างฉัตร์,เมืองฯ,1,560,551,551,399,31,16,57,28,5,11,7,7,0,5,112,2,4,0,9,1,1,3,0,1,0,0,0,0,0,0,0,1,13,2,0,0,3,1,1,1,0,1,2,2,0,1,0,2,0,9,0,137,1,4,1,0,0,0,0,0,0,0,0
ลำปาง,1,ห้างซัง,วงศัว,1,375,375,375,345,12,18,1,2,2,13,2,2,0,3,143,2,4,0,1,0,0,3,0,0,0,0,0,0,0,0,0,9,0,0,0,1,0,0,1,1,0,1,36,3,1,0,0,0,0,1,0,107,1,4,0,0,1,0,0,0,0,0,0
ลำปาง,1,ห้างนคร,แม่สัน,1,903,0,75,75,5,0,0,4,0,2,2,0,0,0,38,0,0,1,0,0,0,0,0,0,0,0,0,0,0,0,0,0,1,0,0,0,0,0,0,0,0,0,6,1,0,0,0,0,0,0,0,15,0,0,0,0,0,0,0,0,0,0,0
ลำปาง,1,ห้างสักครึ่ง,เมืองยาง,1,340,293,293,258,25,10,2,14,1,16,1,1,3,3,93,1,2,3,2,0,1,2,3,1,0,1,1,0,0,3,0,0,1,1,1,1,6,1,6,0,0,0,11,1,6,0,0,0,0,6,0,7,0,0,3,0,0,0,0,0,0,2,0
ลำปาง,1,ห้ามจักร,หัวล่างค้าง,1,354,473,473,470,36,40,30,6,2,1,1,8,0,2,106,0,8,0,2,0,0,0,1,0,0,0,0,0,0,1,0,0,23,1,2,1,0,0,2,0,1,0,49,1,1,0,0,4,0,0,1,178,1,0,2,0,0,0,0,0,0,0,0
ลำปาง,1,อำเภอ/เขต,ตำบล/แขวง/เทศบาล,1,403,592,592,550,13,29,2,14,4,9,2,4,3,4,184,4,0,1,5,0,0,2,1,0,0,0,0,0,0,0,0,0,10,0,6,0,0,1,1,0,0,0,54,1,0,0,0,6,7,2,0,198,2,6,1,0,1,0,1,0,0,0,0
ลำปาง,1,อำเภอ/เขต,ตำบล/แขวง/เทศบาล เมือง,1,448,448,414,414,38,8,0,16,0,11,3,4,2,8,134,1,18,0,5,4,0,2,3,0,0,0,3,0,0,0,0,1,10,0,2,1,1,0,2,2,0,1,24,1,0,0,1,2,0,2,1,156,1,1,2,1,0,0,0,0,0,0,0
ลำปาง,1,อำเภอ/เขต,ถนนจรเข้,1,47,39,319,32,287,287,0,3,0,1,2,6,0,4,0,2,0,0,12,0,1,0,1,0,0,0,0,0,0,1,0,0,9,0,3,0,0,0,0,0,0,1,32,2,0,1,0,1,0,0,0,0,1,1,2,0,0,0,0,1,0,0,0
ลำปาง,1,อำเภอ/เขต กำแพงเพชร,หมู่ที่ 5,1,790,571,571,505,24,24,3,16,3,12,5,5,0,18,147,2,14,1,3,1,1,2,0,1,1,0,0,1,0,0,0,0,11,0,3,0,1,0,3,2,0,2,47,3,0,1,0,3,0,0,0,184,1,5,0,0,0,0,2,1,0,0,0
ลำปาง,1,อำเภอ/เขต หัวเมืองฯ,ตำบล/แขวง/เทศบาล 20,1,4,5,530,570,99,15,4,13,4,16,5,11,2,7,0,2,6,4,6,2,1,3,1,2,1,1,1,1,1,1,1,1,1,1,1,1,2,1,1,1,2,4,49,1,1,0,0,3,3,2,0,173,5,4,2,2,1,0,0,0,0,0,4
ลำปาง,1,อำเภอ/เขต เชิงจักร,ตำบล/แขวง/เทศบาล เมืองพะเยา,1,40,37,327,295,17,15,0,0,2,8,0,5,0,6,96,0,10,3,0,0,1,1,0,0,1,0,0,0,1,0,0,0,5,2,2,0,0,1,0,0,0,0,18,3,0,1,0,1,1,3,9,15,0,3,1,0,1,0,0,0,0,0,0
ลำปาง,1,อำเภอ/เขต เชิงทะเล,เชิงทะเล,1,470,303,303,270,11,22,1,4,2,3,0,14,0,5,63,0,8,1,0,0,0,0,2,0,0,0,0,0,0,0,1,0,15,0,2,2,0,2,0,0,0,0,41,8,1,0,0,1,0,0,0,98,1,2,1,0,0,0,0,0,0,0,0
ลำปาง,1,อำเภอ/เขต เมืองฯ,ตำบล/แขวง/เทศบาล,1,620,459,459,433,439,21,0,2,2,2,0,9,0,3,48,1,18,2,2,0,0,0,0,0,2,0,1,0,0,0,0,0,32,1,8,0,0,2,0,0,0,2,51,0,0,0,0,3,0,0,0,238,0,3,3,0,0,0,0,0,0,0,0
ลำปาง,1,อำเภอ/เขต เมืองฯ,ตำบล/แขวง/เทศบาล 10490,1,365,250,250,250,11,9,3,70,1,5,3,2,0,1,60,3,5,1,0,0,0,0,1,0,1,0,1,0,0,0,1,6,4,1,1,0,2,2,0,0,0,0,16,1,0,0,0,0,1,3,0,90,3,1,0,0,0,0,0,0,0,0,0
ลำปาง,1,อำเภอ/เขต เมืองฯ,หมู่ที่ 2,1,387,272,272,237,9,26,1,6,4,8,2,11,0,3,91,1,9,0,0,0,0,1,0,0,0,0,0,1,0,1,0,3,4,2,2,0,0,2,1,0,1,1,20,1,0,0,0,1,1,0,0,76,0,1,2,0,0,0,0,0,4,0,0
ลำปาง,1,อำเภอเมือง,เมืองฯ,1,430,358,358,327,23,8,2,17,3,9,4,2,2,3,112,4,5,2,3,0,0,3,1,0,2,2,0,1,0,3,0,1,7,2,1,1,2,1,0,1,0,1,14,22,0,0,1,0,2,6,0,109,0,3,0,0,0,0,1,0,0,0,0
ลำปาง,1,เขตลาด,เจริญนคร,1,730,472,472,435,11,26,0,1,0,2,2,10,0,8,72,4,1,2,0,0,0,1,0,0,0,0,0,0,0,0,0,3,29,1,8,0,0,0,1,0,0,1,80,0,0,0,1,3,0,0,0,189,1,5,2,0,0,0,0,0,0,1,0
ลำปาง,1,เขตเลือกตั้งที่ 1,โรงเรียน เหรียญดุษฎี กิตติฯ,1,88,68,68,68,7,3,0,0,0,0,0,0,0,0,0,0,1,2,0,0,0,0,0,0,0,0,0,0,0,0,0,0,3,2,1,0,0,0,1,1,0,1,4,0,0,0,0,2,0,0,1,3,1,0,2,0,0,0,0,0,0,0,0
ลำปาง,1,เขตเลือกตั้งที่ 1,โลงเรียนทร์มอญคุณศักดา พิฆนาการฯ,1,446,446,446,427,3,16,0,0,0,0,1,5,1,1,29,0,3,0,3,0,0,0,0,0,0,0,0,0,0,0,0,0,12,1,0,0,0,0,0,0,1,0,32,0,0,0,0,2,0,0,1,330,0,3,1,0,0,0,0,4,0,0,0
ลำปาง,1,เชิงคานอง,หัวเวียง,1,492,297,297,297,2,2,40,40,40,4,2,9,270,1,39,3,0,0,0,0,0,0,0,0,0,0,0,0,0,0,0,0,0,0,0,0,0,0,0,0,2,1,43,0,0,0,0,2,1,0,0,147,1,1,4,0,0,0,0,0,0,0,0
ลำปาง,1,เชิงคีรี,ปากคาด,1,460,336,336,277,32,27,3,7,1,1,1,1,1,6,110,2,10,0,2,1,0,1,1,0,2,0,0,0,0,2,0,1,3,0,0,0,1,1,0,0,0,1,16,1,0,0,0,3,0,1,1,14,1,2,1,0,0,0,0,0,0,0,0
ลำปาง,1,เชิงทะเล,ต้นทอง,1,909,655,655,532,27,96,0,0,0,0,0,0,0,0,0,0,16,3,5,0,0,1,1,0,0,0,0,0,0,0,0,1,21,1,5,0,0,1,0,0,4,0,86,1,0,0,0,5,3,0,2,295,1,7,5,0,0,0,0,0,0,1,1
ลำปาง,1,เชิงมูลค่าทางพิเศษ,เชิงมูลค่าทางพิเศษ,1,760,760,760,732,4,24,0,2,2,1,1,11,1,1,54,1,7,0,2,0,1,1,0,0,0,0,0,0,0,0,0,0,20,0,3,0,0,0,0,0,0,0,0,0,0,0,0,0,0,0,0,0,0,0,0,0,0,0,0,0,0,0,0
ลำปาง,1,เชิงเขา,มานองช์,1,640,492,492,441,29,22,5,4,10,10,4,9,2,5,82,1,43,1,3,0,1,4,3,0,0,0,0,0,0,0,0,0,38,2,2,1,2,0,1,0,0,0,64,2,0,2,0,2,2,0,0,160,0,2,0,0,0,0,0,0,0,4,0
ลำปาง,1,เชียง,สิคมพัฒนา,1,441,297,297,267,10,16,6,15,2,5,7,9,0,4,82,0,8,1,2,0,0,0,0,0,1,1,0,0,0,0,0,0,8,0,0,2,0,0,2,0,0,0,25,1,0,0,0,0,0,0,1,80,1,4,1,0,1,1,0,0,0,1,0
ลำปาง,1,เชียงดาว,เชียงตาล,1,47,353,353,319,14,20,2,5,0,6,3,9,0,11,65,2,12,4,0,0,0,4,0,1,0,0,0,0,0,0,0,0,11,1,4,0,3,0,0,1,2,0,22,1,0,0,0,1,0,1,0,133,1,2,6,0,0,0,0,0,0,0,0
ลำปาง,1,เชียงใหม่,มาน้อม,1,777,489,489,444,38,7,2,13,1,15,1,4,1,8,116,2,8,1,19,0,1,1,1,0,0,1,0,0,0,1,0,0,15,1,0,2,2,0,0,0,0,1,41,3,0,0,0,1,1,0,1,182,0,4,2,0,0,0,0,0,0,0,0
ลำปาง,1,เชื่อมลำปลา,สำราญ,1,528,356,356,332,87,28,3,0,3,0,0,13,1,0,48,2,9,0,1,0,0,1,0,0,0,0,0,0,0,0,0,0,2,1,3,0,0,0,0,0,0,0,57,0,0,0,0,0,0,0,0,161,0,3,2,0,0,0,0,1,0,0,0
ลำปาง,1,เพลงเทียน,กรุงเทพฯ,1,528,294,294,269,6,19,0,0,0,1,0,10,0,0,34,1,11,1,1,0,0,0,0,0,0,0,0,0,0,0,0,0,35,1,10,0,0,0,0,0,1,0,40,0,0,0,0,2,0,0,0,121,0,0,0,0,0,0,0,0,0,0,0
ลำปาง,1,เพียง,คันธรอย,1,755,500,500,473,26,32,4,6,1,4,2,12,2,9,70,4,15,0,3,0,0,0,0,0,0,0,0,0,0,0,0,0,25,0,5,1,0,0,1,1,0,65,35,5,0,0,0,13,1,0,0,187,0,1,3,0,0,0,0,0,0,0,1
ลำปาง,1,เพื่อ,ทุ่งฝาย,1,411,305,305,271,17,17,1,10,0,4,1,7,2,4,66,3,14,1,0,0,0,1,1,0,0,0,0,0,0,0,0,1,12,0,1,0,0,0,1,0,0,0,33,1,0,0,0,2,1,6,0,92,0,5,0,0,0,0,1,0,0,0,0
ลำปาง,1,เพื่องคำแปลง,บ้านค่า,1,359,700,250,234,9,7,0,4,2,11,0,3,0,8,72,1,1,1,1,0,0,2,1,0,0,1,0,0,0,0,0,0,3,0,0,1,1,0,0,0,0,0,2,1,0,0,1,0,0,0,0,100,1,1,1,1,0,0,0,0,0,0,0
ลำปาง,1,เพ็ญ,บ้านเป้า,1,480,347,347,322,15,10,1,6,0,8,2,0,0,9,79,0,13,1,2,0,0,1,2,0,1,0,0,0,0,0,0,0,18,0,1,0,1,0,1,0,0,1,35,0,1,0,0,3,0,0,1,0,0,4,2,0,0,0,0,0,0,0,1
ลำปาง,1,เพ็ญฯ,เมือง,1,465,298,298,267,34,29,2,1,3,2,3,4,0,8,46,2,5,4,1,0,0,0,0,0,0,0,0,3,0,0,0,0,20,0,2,0,0,1,2,0,0,1,42,0,1,0,0,3,3,2,1,108,0,2,3,0,1,0,0,0,0,0,0
ลำปาง,1,เมือง,กรุงเทพฯ,1,727,481,481,455,5,21,0,3,0,0,1,19,0,2,71,0,0,0,0,0,0,0,0,0,0,0,0,0,0,0,0,0,0,0,0,0,0,0,0,0,0,0,74,0,0,1,0,1,0,0,1,159,1,2,4,0,0,0,1,0,0,0,0
ลำปาง,1,เมือง,คลองคุ่ม,1,559,344,344,319,6,19,0,4,0,4,1,13,1,0,31,2,8,2,1,0,0,0,0,0,0,1,0,0,0,0,0,0,35,0,16,0,0,0,0,1,0,51,2,0,0,0,0,0,0,0,136,0,7,2,0,0,0,0,0,0,0,0,0
ลำปาง,1,เมือง,คันกลางน้ำย,1,992,698,698,610,37,51,1,6,4,8,4,13,1,2,139,2,19,2,4,1,0,1,0,1,1,0,0,0,0,0,0,0,40,0,3,2,0,0,1,0,2,1,84,1,0,0,0,2,2,2,1,253,0,3,3,0,0,0,0,0,0,0,1
ลำปาง,1,เมือง,คันถลิ่ย,1,731,489,489,434,11,44,0,4,2,3,2,4,2,8,66,3,10,3,4,0,1,1,0,0,0,0,6,5,6,0,0,6,18,3,2,0,1,0,2,0,0,53,1,0,0,0,0,4,1,1,0,231,1,3,1,0,2,0,0,0,0,0,0
ลำปาง,1,เมือง,คันธรชัย,2,1384,1003,1043,841,71,71,9,19,7,24,4,22,5,25,179,7,30,6,8,1,1,3,4,0,0,0,0,0,0,1,0,1,23,2,9,5,2,1,2,3,1,4,96,3,0,1,0,7,2,2,3,308,1,7,4,1,0,0,1,2,1,2,0
ลำปาง,1,เมือง,คันธรวย,1,651,450,450,396,27,27,2,11,3,3,2,6,0,7,126,3,3,7,0,1,4,0,0,0,0,0,0,0,0,0,1,0,1,0,1,0,1,2,0,0,1,1,38,1,0,1,0,0,0,0,1,147,1,2,0,0,0,0,0,0,0,0,1
ลำปาง,1,เมือง,คูแย้ง,1,538,364,364,339,8,17,0,2,0,4,0,7,1,5,52,2,9,4,3,0,0,0,1,0,0,0,0,1,1,0,1,0,25,1,1,0,0,0,0,1,0,0,48,1,0,0,0,4,0,0,0,159,0,7,0,0,0,0,0,0,0,0,0
ลำปาง,1,เมือง,จิตรี,1,702,467,467,428,31,31,0,3,3,2,1,24,1,4,73,1,14,3,2,0,0,2,6,0,0,1,0,0,1,1,0,0,35,0,9,0,0,0,0,0,0,0,73,2,0,6,0,3,0,0,5,163,1,3,2,1,0,0,0,0,0,0,0
ลำปาง,1,เมือง,ชนบท,1,664,430,430,395,11,34,97,4,0,6,2,10,0,3,51,1,13,4,1,1,0,1,0,1,1,0,0,1,6,0,0,0,26,0,5,0,0,0,0,0,0,0,79,1,0,0,0,5,0,0,0,158,1,4,3,0,0,0,0,0,0,0,6
ลำปาง,1,เมือง,ชมพู,1,501,334,334,316,5,13,2,2,1,2,1,1,1,2,46,3,7,1,1,0,0,0,1,0,0,1,0,0,0,0,0,0,1,0,5,0,0,0,0,0,0,1,62,0,0,0,0,0,2,0,0,136,1,0,7,0,0,1,0,0,0,0,0
ลำปาง,1,เมือง,ต้นครูย,1,497,344,344,344,10,20,0,3,0,0,3,8,0,3,48,2,16,0,8,1,0,0,0,0,0,0,0,0,0,1,0,2,2,0,1,2,1,0,2,1,0,0,44,1,0,0,0,2,1,0,0,135,1,0,2,0,0,0,0,0,0,0,0
ลำปาง,1,เมือง,ต้นคร้อย,1,415,264,264,233,13,18,4,11,3,10,6,8,0,9,53,1,12,1,5,0,1,4,0,0,0,0,1,0,0,0,0,0,15,1,0,1,0,2,1,0,0,0,11,1,0,0,1,0,0,0,0,69,0,1,0,0,1,0,0,0,0,0,0
ลำปาง,1,เมือง,ถนนราชเทวี,1,80,62,620,530,11,13,2,4,2,4,1,19,0,3,79,6,7,3,4,0,0,1,0,1,0,0,0,0,0,0,0,0,23,0,4,0,1,0,0,2,20,0,0,0,20,10,0,20,0,0,30,30,0,30,20,0,10,0,0,0,10,0,0
ลำปาง,1,เมือง,ถนนสาย,1,624,433,433,398,5,30,0,0,1,0,0,12,1,2,55,6,95,0,3,0,0,1,0,0,0,0,0,0,0,1,1,0,24,0,7,0,0,0,0,0,0,96,0,0,0,0,0,4,0,1,0,185,0,2,1,0,0,0,0,0,0,0,0
ลำปาง,1,เมือง,ถลาง,1,371,216,216,201,8,7,1,0,0,0,0,6,0,0,29,1,14,2,1,0,0,0,0,0,5,0,0,0,0,0,0,0,23,0,5,0,0,0,0,0,0,0,26,0,0,0,0,0,0,0,0,87,0,0,1,0,0,0,0,0,0,0,0
ลำปาง,1,เมือง,ทุ่งคราม,1,826,561,561,522,17,22,6,11,0,10,6,6,2,10,188,1,20,2,6,0,1,0,0,0,0,0,0,0,0,0,0,1,20,0,1,1,2,1,3,2,1,0,43,3,0,0,0,1,1,0,0,168,2,2,1,0,0,0,0,0,0,0,0
ลำปาง,1,เมือง,ทุ่งฝาย,1,560,406,406,347,33,26,3,8,0,18,3,5,1,12,86,2,13,2,3,0,1,2,2,0,0,1,0,0,0,2,0,0,1,0,1,2,0,0,1,1,1,0,34,0,0,1,0,1,0,2,1,124,3,4,1,0,0,0,0,0,0,0,0
ลำปาง,1,เมือง,ท่าดินแดง,1,760,760,760,730,1,29,0,1,0,2,2,7,2,1,66,2,6,0,1,1,0,1,0,0,9,1,0,0,1,0,0,0,20,0,4,0,9,0,1,0,0,0,58,0,1,0,0,4,0,0,0,73,0,3,5,0,1,0,9,0,0,0,0
ลำปาง,1,เมือง,ธมพ,2,1063,862,864,764,43,55,1,5,1,5,8,32,3,7,112,4,22,2,4,0,0,1,1,0,0,0,0,0,0,0,0,0,69,1,3,1,3,0,0,1,0,1,157,0,0,0,0,5,1,0,1,306,0,4,7,0,0,1,4,1,0,0,0
ลำปาง,1,เมือง,ธมภู (ทน.ป.),1,322,233,299,208,8,17,0,2,1,2,1,2,0,9,3,2,9,1,1,0,0,0,3,0,0,0,0,0,0,0,0,0,16,0,1,2,1,0,0,0,1,0,30,0,2,0,0,3,0,1,0,79,0,0,2,0,0,0,0,0,1,1,1
ลำปาง,1,เมือง,นครลำปาง,2,1100,687,687,630,12,44,1,2,0,2,0,14,5,4,93,3,4,5,1,0,0,0,0,0,0,0,0,0,1,0,0,0,71,3,15,0,0,0,0,1,0,0,129,0,0,0,0,1,1,0,0,222,2,8,6,0,0,0,0,0,0,0,424
ลำปาง,1,เมือง,นครแพร่,1,438,338,338,310,11,17,1,5,0,4,0,2,0,3,82,0,15,0,2,0,0,1,1,0,0,0,0,0,0,0,0,0,6,1,2,0,0,0,1,1,0,0,35,2,1,0,0,3,0,0,0,140,0,1,1,0,0,0,0,0,0,0,0
ลำปาง,1,เมือง,นฤนาคพัฒนา,1,427,300,300,278,15,7,1,2,1,10,3,11,0,6,77,1,7,2,4,1,0,2,1,0,0,0,1,0,0,0,0,1,2,0,0,0,0,1,1,2,0,1,15,5,0,0,0,2,0,0,0,11,3,1,0,0,1,0,0,0,1,0,1
ลำปาง,1,เมือง,นองแล้ว,1,487,345,345,304,22,19,1,3,1,0,0,5,1,3,63,0,3,0,1,1,1,0,0,0,1,0,0,0,0,0,0,1,19,0,1,0,0,0,1,1,0,1,35,1,0,0,1,0,0,0,0,148,0,0,6,0,0,0,0,0,0,0,0
ลำปาง,1,เมือง,นิคมพัฒนา,6,1455,1315,1300,1203,46,54,13,21,16,17,8,24,3,23,309,12,39,3,8,2,1,6,6,0,0,0,0,1,1,2,0,0,39,2,6,5,1,3,3,0,0,2,110,4,0,1,0,11,3,1,1,455,2,8,6,1,1,0,0,0,1,1,2
ลำปาง,1,เมือง,นิคมอุตสาหกรรม,1,295,238,238,221,8,9,1,1,1,6,1,8,0,2,65,2,8,0,0,0,0,0,3,0,0,0,0,0,0,0,6,1,5,0,0,0,0,1,0,0,0,12,1,0,2,0,0,0,0,0,96,0,2,2,0,0,0,0,0,0,0,0,0
ลำปาง,1,เมือง,น่าแซ่,1,263,182,182,163,6,13,1,0,0,1,0,7,1,0,28,1,3,0,1,0,0,2,0,0,0,0,0,0,0,0,0,0,9,0,1,0,0,0,0,0,0,0,24,1,0,0,0,0,0,0,0,77,0,1,0,0,0,0,0,0,0,0,0
ลำปาง,1,เมือง,น้ำเน่า,1,42,298,298,273,7,18,4,3,0,5,1,6,1,6,65,2,4,2,4,0,2,2,1,0,0,0,0,0,0,1,0,1,10,1,0,0,0,0,1,0,0,1,26,0,0,0,0,0,1,1,0,114,2,3,1,0,0,1,0,0,0,0,1
ลำปาง,1,เมือง,น้ำเมือง,1,396,263,263,248,15,137,1,3,2,10,3,2,1,6,69,2,13,2,4,0,0,1,2,0,0,1,0,0,5,0,0,6,3,0,0,8,9,0,0,0,0,0,17,2,0,2,0,2,0,0,0,87,0,3,9,0,0,0,4,1,0,1,1
ลำปาง,1,เมือง,บ่อแล่นทอง,1,168,134,134,124,7,3,0,2,1,2,0,4,0,2,33,1,3,1,2,0,1,0,0,0,0,0,0,0,0,0,0,0,3,0,1,0,1,0,0,0,0,0,11,0,0,0,0,0,0,0,0,51,0,2,1,0,0,1,0,0,0,0,0
ลำปาง,1,เมือง,บ่อแล้ง,1,630,407,407,368,10,29,4,3,0,0,0,15,1,2,41,5,12,1,3,0,0,0,1,0,0,0,1,0,0,0,0,0,15,1,1,0,1,0,0,0,1,1,40,2,0,1,0,4,0,0,0,208,1,3,0,0,0,0,0,0,0,0,0
ลำปาง,1,เมือง,บ้านข้า,1,405,306,306,279,12,15,1,5,2,4,5,3,0,4,57,1,7,0,6,0,0,0,0,0,1,0,0,0,0,0,0,1,26,0,0,0,0,0,0,0,0,0,32,0,0,0,0,2,0,1,1,116,0,2,1,0,0,0,0,0,0,0,1
ลำปาง,1,เมือง,บ้านเชื่อม,1,360,271,271,252,11,8,2,7,1,6,5,0,0,7,57,0,3,1,2,0,0,0,2,0,0,0,0,0,0,0,0,0,5,3,0,0,1,0,2,2,0,1,25,2,0,0,0,1,2,6,0,107,0,2,0,0,0,0,0,0,0,0,0
ลำปาง,1,เมือง,บ้านเป้า,3,1210,858,840,797,21,34,3,14,9,15,7,15,3,17,195,6,28,3,9,1,6,3,0,1,0,0,0,0,1,0,1,2,46,3,2,4,3,0,2,2,4,2,83,5,1,1,1,26,6,0,0,279,1,5,3,0,0,0,0,0,1,1,0
ลำปาง,1,เมือง,บ้านเมือง,1,630,448,448,413,33,0,0,0,0,0,0,0,0,0,0,0,21,2,7,1,0,1,5,1,0,1,0,0,0,3,2,1,14,0,0,0,0,0,1,0,0,1,15,6,0,0,0,1,0,2,0,145,0,4,0,0,0,1,0,1,0,0,0
ลำปาง,1,เมือง,บ้านเลื้อม,1,477,346,346,326,10,10,1,3,3,3,2,8,0,93,119,0,3,0,0,1,0,0,1,0,0,0,0,0,0,0,0,0,0,0,0,0,0,0,0,0,0,1,20,1,0,1,0,2,1,0,0,133,0,0,0,0,0,0,1,0,0,0,0
ลำปาง,1,เมือง,บ้านเอื้อม,3,1072,1049,1049,983,80,33,10,19,12,26,8,7,3,106,268,9,29,2,8,0,1,6,5,0,1,0,0,0,0,2,0,2,24,1,2,2,6,2,0,2,3,3,60,8,0,0,2,7,6,3,2,367,2,4,2,0,0,1,0,1,0,0,0
ลำปาง,1,เมือง,ปอดแวก,1,841,551,551,505,40,66,0,3,1,3,0,22,0,0,88,7,23,1,5,1,1,2,2,0,0,0,1,0,0,1,0,0,42,1,3,0,0,0,0,0,0,2,77,0,0,0,0,2,0,1,0,197,0,10,9,0,0,0,0,0,0,0,0
ลำปาง,1,เมือง,ปอเรือง,1,479,352,352,319,17,16,0,9,0,4,5,7,4,10,83,3,11,0,6,0,0,3,1,0,1,0,0,0,1,0,0,0,8,0,3,0,0,0,1,1,0,2,26,3,0,0,0,2,1,0,0,116,0,2,3,0,0,0,0,0,0,0,0
ลำปาง,1,เมือง,ปอแซ่,1,708,507,507,439,24,44,2,11,0,10,1,10,2,7,118,3,15,1,7,0,1,0,0,0,0,0,1,0,0,0,0,1,12,1,1,1,1,1,0,0,0,0,38,1,0,1,0,17,0,0,0,173,0,1,3,0,1,0,1,0,0,0,0
ลำปาง,1,เมือง,ปะเหลียนอง อ่าเก้อ,1,696,443,443,443,28,25,0,5,2,4,4,7,1,4,66,0,0,0,0,0,0,0,0,0,0,0,0,0,0,0,0,0,0,0,0,0,0,0,0,0,0,0,47,1,0,0,0,5,3,1,0,188,3,2,1,0,1,0,0,1,0,1,443
ลำปาง,1,เมือง,ปุณฑาราม,1,763,564,564,494,44,28,9,8,8,14,8,8,5,10,109,2,46,4,4,1,1,3,9,1,0,0,0,1,1,8,0,1,18,1,1,0,1,1,2,1,0,1,47,3,0,0,0,3,0,2,2,19,1,2,1,1,0,0,0,0,0,0,0
ลำปาง,1,เมือง,ปุณณางค์พิมพา,1,133,107,107,100,7,0,0,3,0,7,0,0,0,2,27,0,2,1,1,0,0,0,0,0,0,0,0,0,0,0,0,0,0,1,0,0,0,0,0,1,0,0,8,0,0,0,0,0,1,0,0,42,0,1,0,0,0,0,0,0,0,0,0
ลำปาง,1,เมือง,ป้อมยิ้ม,1,660,479,469,449,5,33,0,4,0,0,1,8,0,1,65,4,10,1,2,0,0,0,0,0,0,0,0,0,0,0,0,0,21,2,1,0,0,0,0,0,0,0,63,1,0,0,0,5,1,0,1,247,1,1,1,0,0,0,0,0,0,0,0
ลำปาง,1,เมือง,ป้อมฮัว,1,499,341,341,311,12,18,1,5,2,6,2,4,0,5,88,1,0,2,2,0,0,0,0,0,0,0,0,0,1,0,0,1,10,0,4,0,0,1,0,2,0,0,29,1,0,0,0,0,0,0,0,143,0,4,2,0,0,0,0,0,0,0,0
ลำปาง,1,เมือง,ป้อมฮ่อง,1,521,415,415,375,375,27,2,5,2,5,2,9,0,4,81,1,10,0,8,0,0,1,0,0,1,0,0,0,0,0,1,1,13,0,2,0,1,0,2,0,0,1,20,3,0,0,0,3,0,0,0,192,0,4,0,0,0,0,0,0,0,0,1
ลำปาง,1,เมือง,ป้อมเรือง,1,534,421,421,372,16,33,2,10,0,8,0,8,0,5,105,2,7,2,3,0,0,1,1,0,0,0,6,0,0,0,0,0,12,1,2,0,1,0,1,1,1,0,38,2,0,0,0,1,0,0,2,153,0,0,2,0,0,0,0,1,0,0,0
ลำปาง,1,เมือง,ป้อมแก้ว,1,703,480,480,427,19,34,4,8,2,11,1,13,1,6,97,1,22,6,2,0,1,0,1,0,0,0,0,1,0,1,0,0,27,3,1,0,0,1,0,0,0,0,31,3,0,2,0,4,1,2,1,163,0,6,2,1,0,0,0,0,0,0,1
ลำปาง,1,เมือง,ป้อมแพลงคลอง,1,538,402,402,373,12,17,0,2,3,5,0,9,0,1,128,1,7,1,1,0,0,1,0,0,0,0,0,0,0,0,0,0,16,2,5,0,0,1,1,0,0,0,40,0,0,0,0,3,0,0,0,141,2,1,2,0,0,0,0,0,0,0,0
ลำปาง,1,เมือง,ป้อมแพ่ง,1,172,136,136,128,3,5,0,1,0,2,0,2,1,0,19,0,0,2,0,0,1,0,0,0,0,0,0,0,0,1,0,0,5,0,1,0,0,0,0,0,0,0,17,0,0,0,0,0,0,0,0,68,0,1,1,0,0,0,0,0,0,0,0
ลำปาง,1,เมือง,ป้อมแพ้ว,1,678,480,480,449,13,16,2,5,2,5,2,8,1,3,112,2,12,1,2,0,0,0,1,0,1,0,2,1,0,2,0,0,25,1,9,0,0,0,0,1,0,0,57,1,0,0,0,2,0,0,0,183,0,7,0,0,0,0,0,0,0,0,0
ลำปาง,1,เมือง,พระบาท,9,4406,2867,2917,2616,395,2017,8,23,9,3,5,80,7,19,407,14,60,10,10,0,0,4,1,0,3,2,1,0,0,2,1,2,186,1,18,1,0,1,5,2,3,2,456,1,1,1,1,18,4,1,286,672,6,12,10,0,3,1,0,1,0,0,1
ลำปาง,1,เมือง,พระบาทฯ,1,536,343,343,312,11,20,0,2,0,2,0,2,1,1,39,2,8,9,3,0,0,1,1,0,0,0,0,0,0,0,0,0,32,1,4,0,0,1,0,0,2,0,50,0,0,0,0,9,0,9,0,142,1,0,4,0,0,0,0,0,0,0,0
ลำปาง,1,เมือง,พระยา,1,436,292,292,251,73,18,2,2,2,0,2,11,0,2,45,1,9,1,2,0,0,0,0,0,0,0,0,0,0,1,0,0,12,0,3,0,0,1,0,0,0,0,36,0,0,0,0,6,0,2,0,107,0,3,0,0,0,0,0,0,0,0,181
ลำปาง,1,เมือง,พลนาท,1,487,318,318,299,6,13,0,0,0,0,0,15,0,1,0,25,2,7,1,0,0,0,0,0,0,0,0,0,0,0,0,0,0,0,0,0,0,0,0,0,0,0,0,0,0,0,0,0,1,0,0,0,0,0,0,0,0,0,0,0,0,0,1
ลำปาง,1,เมือง,พะยูมา,1,499,316,316,293,4,19,0,2,0,1,0,4,1,2,53,2,11,2,3,0,0,2,0,0,0,0,0,0,0,0,0,0,21,0,4,1,0,0,0,0,0,1,48,0,1,1,0,4,0,1,0,125,0,3,0,0,0,0,0,0,0,0,0
ลำปาง,1,เมือง,ฟ้าฮ่าม,1,626,412,412,375,21,16,3,13,2,11,2,6,3,11,110,1,18,4,3,0,1,2,2,0,1,1,0,0,0,2,0,0,5,1,1,0,3,1,3,1,0,0,17,5,0,1,0,2,0,0,1,132,1,3,1,0,1,0,0,0,0,0,0
ลำปาง,1,เมือง,มานค่า,1,640,397,397,366,25,6,6,9,2,14,2,1,3,14,132,2,8,3,1,1,2,3,1,3,0,1,0,0,0,0,0,6,3,2,1,2,1,1,4,1,0,0,18,6,0,0,0,0,0,0,0,108,0,1,2,1,0,0,1,1,0,0,0
ลำปาง,1,เมือง,มานตา,1,648,514,514,480,21,13,5,6,1,11,1,5,3,13,172,0,12,3,6,1,0,3,5,0,1,0,0,1,0,0,0,1,20,0,1,1,0,1,1,0,0,0,24,2,0,2,0,1,0,2,0,172,0,3,0,0,0,0,0,0,0,0,0
ลำปาง,1,เมือง,มานิจฉัย,1,205,136,136,171,3,2,0,2,0,2,1,0,0,1,32,1,4,0,2,0,0,0,1,0,1,0,0,0,0,0,0,0,5,1,0,0,0,0,0,0,0,0,13,1,1,0,0,2,0,0,1,60,0,0,0,0,0,0,0,0,0,0,0
ลำปาง,1,เมือง,มานิชอน,1,368,255,255,227,41,17,1,7,3,6,0,1,0,2,58,2,5,1,3,0,0,0,1,0,0,0,0,0,1,0,0,0,6,0,0,0,1,1,0,1,0,0,72,1,1,1,0,4,0,1,0,89,0,0,0,0,0,0,0,0,0,7,0
ลำปาง,1,เมือง,มานเรียม,1,669,513,513,461,27,25,2,5,8,6,2,14,1,10,94,4,18,1,7,1,1,2,1,0,0,0,0,0,0,0,0,0,20,0,1,3,0,1,2,2,0,2,28,2,0,0,0,13,1,0,1,196,2,6,2,0,0,0,0,0,0,0,2
ลำปาง,1,เมือง,มาน้ำ,1,192,138,138,145,3,10,2,3,2,2,0,6,0,3,26,1,1,4,0,0,0,0,0,0,0,0,0,0,0,0,0,8,1,0,0,0,1,0,6,1,0,0,0,0,0,0,0,0,0,0,0,40,0,2,0,0,0,0,0,0,0,0,0
ลำปาง,1,เมือง,มาน้ำ เชื้อม,1,381,268,268,244,17,7,0,5,5,6,2,7,0,5,83,34,17,1,1,0,0,1,2,1,0,0,1,0,1,0,0,0,7,1,1,1,2,1,0,1,0,0,66,3,0,1,0,0,1,0,1,63,0,0,2,0,0,0,0,0,0,1,1
ลำปาง,1,เมือง,มาน้ำเมือง,1,307,227,227,199,17,11,1,4,0,4,2,6,2,3,77,140,4,1,2,0,2,3,0,0,0,1,0,0,1,0,0,0,7,0,0,1,0,0,0,0,0,0,54,2,0,0,0,3,1,1,0,54,1,0,0,0,0,0,0,0,0,0,0
ลำปาง,1,เมือง,มิตรพัฒนา,1,308,233,233,219,7,7,1,2,1,1,0,6,0,1,61,0,8,0,0,0,0,4,0,0,0,0,0,0,0,0,0,0,7,0,1,0,0,0,0,0,0,1,28,1,1,0,0,0,0,1,1,92,0,1,0,0,0,0,0,0,0,0,0
ลำปาง,1,เมือง,มูลพาดฟรมาก,1,372,278,278,249,16,13,3,6,0,9,2,13,0,4,84,0,9,1,1,0,0,1,3,0,0,0,0,0,0,0,0,1,6,0,0,0,0,2,1,1,0,0,19,1,0,0,0,0,0,1,0,78,0,1,2,0,0,0,0,0,0,0,0
ลำปาง,1,เมือง,ม่อแร้ง,2,778,538,541,493,17,31,0,5,1,4,0,10,0,7,103,2,9,3,8,0,0,2,1,0,1,0,0,0,0,0,0,1,24,1,1,0,1,1,1,1,1,1,71,0,0,0,0,3,0,1,4,149,1,6,4,0,0,0,0,0,0,0,1
ลำปาง,1,เมือง,ม้านเจียม,1,757,540,540,596,34,10,4,10,10,11,10,15,2,13,101,3,22,9,7,1,2,1,2,0,1,1,1,0,1,1,1,2,15,3,3,1,4,3,3,1,2,4,53,2,1,0,0,1,0,1,0,159,3,2,4,0,0,0,0,0,1,2,1
ลำปาง,1,เมือง,ม้านเน้า,1,701,524,524,426,98,98,1,9,3,4,1,8,0,8,86,3,20,4,7,0,0,0,1,0,0,0,0,0,0,0,1,3,89,0,2,0,0,1,0,0,0,1,62,3,0,1,0,8,0,2,1,189,1,0,3,0,0,0,0,0,0,1,0
ลำปาง,1,เมือง,ม้านเป้า,1,273,211,211,195,7,9,3,2,0,0,2,3,1,5,33,1,3,0,1,0,0,2,0,0,0,0,0,0,0,0,0,0,3,2,2,0,0,0,0,0,0,0,18,1,0,1,0,3,0,0,0,68,0,1,2,0,0,1,0,0,0,0,0
ลำปาง,1,เมือง,ม้านเอย,1,40,20,203,551,28,29,9,14,22,11,4,20,5,14,70,1,28,1,4,0,3,4,2,0,1,2,0,1,0,0,0,1,29,0,1,2,2,0,2,0,0,1,108,0,0,0,1,5,0,2,0,180,3,0,3,0,1,0,0,1,0,0,0
ลำปาง,1,เมือง,ยุพานาคพัฒนา,1,300,228,228,207,9,12,0,8,0,8,5,4,2,3,42,1,11,0,1,0,1,0,0,0,0,0,0,0,0,0,1,0,20,0,2,0,0,1,2,1,0,0,45,1,0,1,0,0,1,0,0,46,0,0,0,0,0,0,0,0,0,0,0
ลำปาง,1,เมือง,ลาดสว่าง,1,211,156,156,135,7,14,4,3,1,10,1,3,2,3,26,0,88,1,2,0,1,1,0,0,0,0,0,1,0,0,0,0,4,1,0,0,1,0,0,0,0,1,12,0,0,0,0,0,1,0,1,42,2,0,2,0,4,0,0,0,0,0,0
ลำปาง,1,เมือง,สบคีย,1,615,720,420,389,5,26,0,3,0,2,1,13,0,2,66,1,16,2,3,1,0,1,0,1,0,0,0,0,0,0,0,0,40,0,4,0,1,0,0,0,0,1,70,0,0,0,0,5,0,0,0,152,0,0,4,0,0,0,0,0,0,0,0
ลำปาง,1,เมือง,สบป.ย,1,457,284,284,255,12,17,0,2,1,5,0,9,0,2,59,2,4,1,3,0,0,1,0,0,0,0,0,0,0,0,0,1,10,2,5,0,0,0,0,0,0,1,44,0,0,1,0,2,0,0,0,98,0,2,0,0,0,0,0,0,0,0,0
ลำปาง,1,เมือง,สมคุย,1,526,347,344,307,19,18,1,1,2,2,1,10,0,4,47,3,9,4,3,0,1,1,0,0,0,0,0,0,1,1,0,0,27,0,8,0,0,1,0,0,0,0,53,1,0,0,0,3,0,0,0,118,0,3,2,0,0,0,0,0,0,0,0
ลำปาง,1,เมือง,สมพู,1,526,307,349,320,13,14,0,3,1,1,1,5,0,3,35,2,14,1,1,1,1,1,70,0,0,0,1,0,0,0,1,0,25,1,5,0,0,1,0,1,0,0,69,0,0,0,0,4,0,0,5,142,1,2,2,3,0,0,0,3,1,0,0
ลำปาง,1,เมือง,สมุย,2,723,528,468,449,241,32,3,3,1,0,1,18,0,5,80,1,0,5,6,6,7,9,10,11,14,13,14,15,16,17,18,19,29,21,24,23,24,26,26,27,1,0,85,0,0,0,0,3,0,0,0,166,0,2,6,0,1,0,0,0,0,0,0
ลำปาง,1,เมือง,สมเด็จ,1,692,429,429,391,11,27,1,3,1,0,1,10,1,5,69,4,9,2,2,0,0,0,0,0,1,0,0,1,0,0,0,0,24,0,4,0,0,0,0,1,2,1,57,0,0,0,1,2,0,0,0,176,0,3,0,0,0,0,0,0,0,0,0
ลำปาง,1,เมือง,สยชุ่ย,1,450,285,285,257,9,19,0,0,0,0,0,0,0,0,0,0,6,2,0,0,0,0,0,0,0,1,0,0,0,0,0,5,29,0,5,0,0,0,0,0,0,0,58,0,0,1,0,1,1,0,0,103,0,4,0,0,0,0,0,0,0,0,0
ลำปาง,1,เมือง,สวนดอก,4,1232,1030,1030,986,29,56,1,8,6,5,2,32,1,8,150,5,31,10,6,0,0,0,1,0,1,1,0,0,0,0,0,0,82,2,9,1,1,2,0,0,0,2,152,3,1,1,0,4,0,4,0,378,0,12,10,0,1,0,0,0,0,7,1
ลำปาง,1,เมือง,สวนใหญ่,1,360,267,267,240,3,21,2,2,1,1,1,10,0,1,35,1,7,1,2,0,0,0,1,0,0,0,0,1,0,0,0,1,19,1,3,0,0,0,0,0,0,0,37,0,0,0,0,0,0,0,0,108,1,4,0,0,0,0,0,0,0,0,0
ลำปาง,1,เมือง,สามยุ่ง,1,519,335,335,307,9,19,0,1,0,0,1,16,2,6,48,2,8,0,0,0,0,1,0,0,0,1,0,1,0,0,0,0,29,3,4,0,0,0,0,0,1,1,54,0,0,0,0,1,2,1,0,116,0,5,3,0,0,0,0,0,0,0,0
ลำปาง,1,เมือง,สามย่าน,1,464,383,383,294,16,13,0,2,0,7,2,2,1,3,50,4,4,1,0,0,0,0,0,0,0,0,0,0,0,1,0,19,0,2,0,1,0,1,0,0,0,0,49,0,1,0,1,12,1,0,0,125,0,2,0,0,1,0,0,0,0,0,1
ลำปาง,1,เมือง,สำราญ,1,68,47,423,384,19,20,0,2,0,1,1,1,1,2,2,1,10,0,1,0,0,0,1,0,0,0,0,0,0,0,0,1,49,0,6,0,0,2,0,0,0,0,53,0,0,0,0,4,0,0,0,162,0,1,3,0,0,0,0,1,0,0,0
ลำปาง,1,เมือง,สุขใจ,2,1006,671,671,603,24,44,3,2,1,3,2,22,1,8,97,2,16,0,4,0,0,0,0,0,0,0,0,2,0,0,0,34,20,9,5,0,0,0,3,0,0,0,81,1,0,0,0,5,2,1,0,275,2,4,1,0,0,0,0,0,0,104,0
ลำปาง,1,เมือง,หมู่ที่ 16,1,720,520,520,492,11,17,1,4,1,5,1,7,3,2,80,3,13,2,2,0,0,0,0,0,0,0,0,1,0,0,0,0,26,0,5,9,0,0,1,1,0,0,84,0,0,0,1,5,1,1,0,231,0,3,7,0,0,0,0,0,0,0,0
ลำปาง,1,เมือง,หมู่ที่ 9,1,611,443,443,403,11,29,1,7,2,8,2,9,4,4,104,2,9,6,1,0,1,4,1,0,0,0,1,0,0,0,1,0,9,0,1,0,0,1,0,1,0,1,37,0,0,0,0,2,2,2,0,176,0,1,3,0,0,0,0,0,0,0,0
ลำปาง,1,เมือง,หัวเรียง,1,353,329,329,317,37,48,0,1,0,0,0,1,0,0,5,0,1,0,0,0,0,0,0,0,0,0,0,0,0,0,0,0,1,0,0,0,0,0,0,0,0,0,2,0,0,0,0,0,0,0,0,309,0,0,0,0,0,0,0,0,0,0,0
ลำปาง,1,เมือง,หัวเวียง,3,1136,688,688,637,9,43,0,0,0,3,1,14,1,6,70,1,5,5,3,0,0,0,0,0,0,0,0,0,0,0,0,0,60,1,15,0,0,0,1,2,0,0,115,1,3,0,0,2,1,0,0,309,1,2,4,0,0,0,0,0,0,0,1
ลำปาง,1,เมือง,หัวเสียง,1,550,374,384,311,11,22,0,0,0,1,0,7,2,6,30,1,7,2,3,0,0,0,0,0,0,0,0,0,0,0,0,0,27,1,4,0,0,0,0,0,0,1,61,0,0,0,0,2,0,0,1,151,0,1,11,0,0,0,0,0,0,0,0
ลำปาง,1,เมือง,ห้องเรียง,1,469,281,281,271,2,8,0,1,0,1,0,9,0,1,34,0,5,0,1,0,1,0,1,0,0,0,0,0,0,0,0,0,32,1,3,0,0,0,0,0,0,0,57,0,1,0,0,0,0,2,3,117,0,0,1,0,0,0,0,0,0,0,0
ลำปาง,1,เมือง,ห้ามเรียน,1,591,432,432,395,21,16,3,4,2,3,1,5,1,10,38,2,1,1,1,1,1,1,4,1,1,1,1,1,1,1,1,1,28,1,1,1,1,1,1,1,1,2,44,1,1,1,1,2,1,1,2,202,1,2,1,1,1,1,1,1,1,1,1
ลำปาง,1,เมือง,เกียวเหนือ,1,406,264,264,237,11,16,0,2,0,0,0,0,0,7,42,1,2,2,0,0,0,0,0,0,0,0,0,0,0,0,0,0,21,0,8,2,0,0,0,1,0,0,46,0,0,1,0,1,0,0,0,86,1,2,2,0,0,0,0,0,0,0,0
ลำปาง,1,เมือง,เขื่อนเหนือ,1,309,347,347,294,22,21,0,0,0,0,0,0,0,0,0,0,8,1,3,0,1,2,1,0,1,0,0,0,0,0,1,0,19,2,2,1,0,0,0,0,0,0,39,0,0,0,0,0,0,0,1,0,0,0,0,0,0,0,0,0,0,0,0
ลำปาง,1,เมือง,เชียงเทียน,1,358,220,220,203,7,10,1,1,2,0,1,6,0,0,39,1,3,1,1,0,0,0,1,0,0,0,1,0,0,0,0,0,13,0,3,0,0,0,1,0,0,1,52,0,1,0,0,1,0,0,0,12,0,2,0,0,0,1,0,0,0,0,0
ลำปาง,1,เมือง,เชียงเหนียว,1,397,252,252,247,7,18,0,1,3,1,1,7,0,1,23,0,5,2,1,0,0,1,1,0,0,0,0,0,0,0,0,0,18,1,0,0,0,0,0,0,0,0,43,0,1,0,0,6,1,0,0,107,0,1,1,0,0,0,0,0,1,0,0
ลำปาง,1,เมือง,เชียงใหม่,1,350,352,357,316,12,24,2,4,1,2,1,10,1,1,3,0,12,3,3,1,1,0,0,0,0,1,1,0,0,0,1,0,20,1,3,0,0,0,1,0,0,0,0,0,0,0,0,0,0,0,0,0,0,0,0,0,0,0,0,0,0,0,0
ลำปาง,1,เมือง,เวียงเหนือ,2,982,868,618,614,17,37,1,3,3,3,3,15,1,3,93,1,20,2,6,0,0,8,0,6,1,1,0,0,0,0,0,0,57,3,5,0,0,0,0,0,0,1,109,0,0,0,0,8,2,6,3,314,0,0,9,0,1,0,0,1,0,0,0
ลำปาง,1,เมือง,แก้วเจียจ่า,1,508,306,306,289,138,138,0,4,0,1,0,9,1,2,35,0,0,3,2,0,0,1,0,0,0,0,1,0,0,0,0,0,21,1,5,0,2,43,0,0,42,79,43,1,77,77,77,77,77,77,77,70,77,38,26,77,77,77,77,77,77,77,77
ลำปาง,1,เมืองกำแพงเพชร,คูเป่า,1,616,427,427,374,381,24,4,5,2,3,1,7,2,6,86,2,11,4,3,0,0,1,1,0,1,0,1,0,2,1,0,0,23,0,6,0,1,0,1,0,0,0,51,2,0,0,0,4,0,1,0,143,0,4,2,0,0,0,0,0,0,0,0
ลำปาง,1,เมืองพัฒนา,มูลค่าเพิ่ม,1,300,233,233,206,13,14,0,1,1,9,4,1,1,3,60,2,30,1,0,0,0,1,0,1,0,0,0,0,0,1,0,0,5,1,0,0,0,0,0,1,0,0,18,1,1,0,1,1,1,1,0,79,1,0,2,0,0,0,0,0,0,0,0
ลำปาง,1,เมืองพัทลุง,คันองชัย,1,572,411,411,381,5,25,0,0,0,1,1,9,0,1,65,6,17,1,0,0,0,0,0,0,0,0,0,2,0,0,0,0,28,0,2,0,0,1,1,0,0,0,63,0,0,0,0,2,1,0,0,174,0,1,5,0,0,0,0,0,0,0,0
ลำปาง,1,เมืองลพบุรี,มวกเหล็ก,1,722,504,504,467,24,23,3,16,3,14,5,10,3,14,138,6,8,0,1,1,0,2,1,0,0,0,1,0,0,0,1,0,13,1,1,6,0,2,3,2,0,2,29,4,1,0,0,2,1,0,0,173,1,3,2,0,0,0,0,0,1,1,0
ลำปาง,1,เมืองลพบุรี,หริเวียง,1,369,242,242,217,10,15,0,0,0,1,0,3,1,2,24,0,5,3,4,0,0,0,1,0,0,0,0,0,0,0,0,0,28,1,7,0,0,1,0,0,0,1,31,1,0,0,0,3,1,0,1,96,0,1,1,0,0,0,0,0,0,0,0
ลำปาง,1,เมืองลำปาง,3 ป้อมสร้าง,1,607,463,463,401,19,43,0,0,3,1,1,4,1,9,81,0,0,0,0,0,0,0,0,0,0,0,0,0,0,0,0,0,0,0,0,0,0,0,0,0,0,1,44,1,0,0,1,6,0,0,0,191,1,5,1,1,0,0,0,0,0,0,1
ลำปาง,1,เมืองลำปาง,คลองมิ้ว,1,218,165,165,156,5,4,0,0,0,0,114,0,0,0,0,0,0,0,0,0,0,0,0,0,0,0,0,0,0,0,0,0,0,0,0,0,0,0,0,0,0,0,0,0,0,0,0,0,0,0,0,0,0,0,0,0,0,0,0,0,0,0,0
ลำปาง,1,เมืองลำปาง,คันถังชัย,1,378,275,275,258,46,17,0,0,0,0,0,2,0,0,46,4,11,0,0,1,0,0,0,0,1,0,0,0,0,0,0,0,10,0,3,0,0,0,0,0,0,0,35,0,0,0,0,1,1,2,0,136,1,0,2,0,0,0,0,0,0,0,0
ลำปาง,1,เมืองลำปาง,คันธรชัย,2,1461,1057,1057,960,48,49,6,17,9,19,8,15,7,14,122,1,26,9,12,1,2,1,4,0,0,1,1,0,1,2,1,1,67,2,11,0,0,0,0,0,72,2,81,2,0,0,1,8,2,3,1,343,1,8,13,0,0,0,0,0,0,1,0
ลำปาง,1,เมืองลำปาง,คันธรพย์,1,631,409,449,412,8,29,50,4,1,1,4,14,0,2,72,1,15,2,4,0,0,0,0,0,0,0,0,0,0,0,0,0,25,3,3,0,0,0,1,0,0,0,67,0,0,0,0,4,0,0,0,185,0,1,2,0,1,0,0,0,0,0,0
ลำปาง,1,เมืองลำปาง,คูฝาย,1,60,402,402,368,17,17,4,4,1,6,2,7,1,3,95,1,14,2,3,0,0,2,2,0,0,0,1,0,1,0,1,1,20,1,2,2,5,0,2,1,0,0,84,3,0,0,0,9,0,3,0,134,1,3,1,1,0,0,0,0,0,0,0
ลำปาง,1,เมืองลำปาง,ตำบลบ่อแห้ง,1,348,277,277,233,19,25,0,64,0,3,2,3,0,6,55,1,8,1,3,0,0,1,1,0,0,0,0,0,0,2,0,0,14,0,1,0,0,0,0,0,1,1,24,0,1,0,0,1,1,2,0,99,0,2,0,0,0,0,0,0,0,0,0
ลำปาง,1,เมืองลำปาง,ทุ่งฝน,1,322,239,239,207,11,21,2,2,0,1,0,4,1,3,43,0,9,1,5,0,1,1,0,2,0,0,0,0,0,0,0,0,16,0,3,0,0,0,1,0,1,0,28,1,0,0,0,1,0,0,0,79,1,1,0,0,0,0,0,0,0,0,0
ลำปาง,1,เมืองลำปาง,ทุ่งฝาย,1,570,423,423,376,31,16,3,16,3,10,1,4,2,7,114,0,14,2,4,0,4,2,1,0,0,1,0,0,2,1,0,1,2,0,1,1,0,0,0,1,1,3,33,2,1,1,0,0,0,4,1,129,0,2,1,0,0,0,1,0,0,0,0
ลำปาง,1,เมืองลำปาง,ท่างาย,1,500,356,356,304,307,26,2,10,2,4,0,6,1,3,102,3,0,0,2,0,0,0,2,0,0,1,0,0,0,0,1,0,12,1,1,2,0,0,0,1,1,0,23,2,0,0,0,0,0,1,0,112,0,3,1,0,1,0,0,0,0,0,0
ลำปาง,1,เมืองลำปาง,ท่าฝาย,1,393,301,301,264,18,19,4,6,1,5,4,5,0,9,66,1,0,1,4,0,2,0,0,0,0,0,1,0,1,0,0,0,1,2,2,0,0,1,1,0,0,0,28,2,0,0,0,2,1,0,0,97,0,4,1,0,0,0,0,0,0,1,0
ลำปาง,1,เมืองลำปาง,นครลำปาง,1,390,187,187,184,3,3,0,0,0,0,10,12,1,1,22,1,5,0,0,0,0,0,0,0,0,0,0,0,0,0,0,0,25,1,6,0,0,0,0,0,0,0,38,1,0,0,0,0,1,0,0,65,0,0,3,0,0,0,0,0,0,0,0
ลำปาง,1,เมืองลำปาง,นิคมพัฒนา,3,1016,677,677,629,22,25,0,13,3,16,4,5,1,4,205,6,22,0,5,2,1,0,1,2,0,1,0,1,1,1,0,1,15,2,2,1,1,1,1,0,0,1,108,3,0,0,0,5,0,0,0,96,2,2,2,0,0,0,0,0,0,0,0
ลำปาง,1,เมืองลำปาง,น่าเข้าฯ,1,730,531,531,487,13,3,1,7,3,1,4,12,0,5,103,0,0,0,0,0,0,0,0,0,0,0,0,0,0,0,0,0,0,0,0,0,0,0,0,0,0,3,58,2,0,0,0,0,0,0,0,228,0,5,5,0,0,0,0,0,0,0,0
ลำปาง,1,เมืองลำปาง,บ้านค่า,2,1149,791,791,728,23,37,10,14,9,23,6,18,3,14,201,4,23,3,5,1,0,3,2,1,0,3,1,1,1,2,0,4,26,1,4,7,0,1,2,1,2,21,41,3,2,0,6,4,1,0,73,171,1,6,1,0,0,0,0,0,1,0,1
ลำปาง,1,เมืองลำปาง,บ้านค่ำ,1,360,259,259,239,16,4,2,5,4,3,1,6,0,6,59,1,7,1,2,0,0,3,3,0,1,0,0,1,0,1,0,1,15,0,0,0,9,1,0,0,0,2,8,1,3,6,0,1,1,0,0,100,1,0,1,0,3,0,9,0,0,0,1
ลำปาง,1,เมืองลำปาง,ปองฮัว,1,236,182,182,165,14,3,1,2,0,0,0,4,0,3,29,0,0,2,1,0,0,0,0,0,0,0,0,0,0,0,0,0,7,0,0,0,0,1,0,0,0,0,14,0,0,0,0,1,0,0,0,93,0,1,2,0,0,6,0,0,0,0,0
ลำปาง,1,เมืองลำปาง,ปะเหล็ง,1,387,348,387,348,14,25,70,3,3,1,1,6,3,5,80,2,4,37,69,7,7,17,17,7,17,7,7,7,7,17,7,17,17,7,17,17,7,7,7,37,0,40,0,0,0,0,0,6,1,1,0,144,0,5,1,0,0,0,0,0,0,0,1
ลำปาง,1,เมืองลำปาง,ปุณฑารามฯ,1,589,410,410,410,35,35,5,9,6,5,1,8,3,8,64,1,14,2,3,0,0,5,1,2,0,0,0,0,0,1,0,0,51,0,0,0,2,1,2,1,1,2,58,4,0,0,0,2,1,2,0,83,2,1,0,0,0,0,0,0,0,0,0
ลำปาง,1,เมืองลำปาง,ป่าเป้า,1,500,362,362,336,9,17,1,5,1,4,1,7,0,6,72,1,12,3,2,0,0,2,4,0,0,0,1,0,0,0,0,1,19,2,0,1,0,0,0,0,0,0,37,0,0,0,0,2,0,0,3,145,0,2,2,0,0,0,0,0,0,0,0
ลำปาง,1,เมืองลำปาง,ป้อมเจ้าหลวงกระซ่าเกอ,1,873,616,676,548,21,41,1,8,1,3,2,15,0,3,103,3,47,5,2,1,0,1,0,0,0,0,0,0,0,0,0,1,47,1,6,0,0,0,0,0,0,0,68,1,0,0,0,3,0,0,0,252,0,4,5,0,0,0,0,0,0,0,0
ลำปาง,1,เมืองลำปาง,ฝั่งฝ่าย,1,86,60,609,513,51,45,8,8,4,11,0,9,0,12,125,1,8,6,0,0,0,0,1,0,0,1,1,0,0,1,0,0,26,2,4,2,2,1,2,0,2,0,53,3,1,0,0,3,1,3,0,196,1,4,0,0,0,0,0,0,0,0,1
ลำปาง,1,เมืองลำปาง,พระบาท,1,641,407,407,386,4,17,0,0,0,1,0,11,2,1,63,4,8,3,2,0,0,0,0,0,0,0,0,0,0,0,0,0,27,0,8,0,1,1,0,0,0,0,68,0,0,0,0,0,0,1,0,179,0,2,4,0,0,0,0,0,0,0,0
ลำปาง,1,เมืองลำปาง,พุทธบาท,1,401,274,294,248,14,32,3,3,5,17,2,5,0,8,66,2,5,0,5,0,0,3,0,1,0,0,0,1,0,1,0,0,4,0,2,4,0,1,1,0,1,1,18,1,1,1,0,0,0,0,0,84,0,1,1,0,0,0,0,0,0,0,0
ลำปาง,1,เมืองลำปาง,ม้านา,1,20,17,178,163,7,8,1,2,3,0,0,1,2,2,35,1,69,0,0,0,0,0,0,0,0,0,0,0,0,0,0,0,70,0,5,0,0,0,0,0,0,1,23,1,0,0,0,0,3,0,0,16,0,0,1,0,0,0,0,0,0,0,0
ลำปาง,1,เมืองลำปาง,สพป.,1,65,402,407,407,20,35,4,3,2,4,2,29,0,6,47,1,15,3,2,1,0,0,0,0,1,1,0,0,0,0,1,0,26,1,3,0,0,0,1,0,1,0,60,0,0,0,0,2,1,0,1,180,2,5,4,0,0,0,0,0,0,0,407
ลำปาง,1,เมืองลำปาง,สำโรงซ้าย,1,660,459,459,382,73,48,1,6,2,6,2,13,2,4,89,3,14,2,1,0,3,5,0,0,0,0,0,0,0,0,0,1,21,0,2,1,0,2,0,1,2,0,71,5,1,0,0,2,0,1,1,122,0,2,1,0,0,3,0,0,0,0,0
ลำปาง,1,เมืองลำปาง,สุขชัย,1,571,372,372,347,7,18,1,0,1,0,1,12,1,3,53,0,4,1,1,0,0,0,0,0,0,0,0,0,0,0,0,0,4,0,7,0,0,0,0,0,0,0,53,0,1,0,0,3,0,0,1,157,0,3,0,0,0,0,0,0,0,0,0
ลำปาง,1,เมืองลำปาง,หนองคาย,1,487,328,328,309,5,24,0,0,0,0,0,0,0,0,0,0,7,2,1,0,0,1,0,1,0,0,0,0,0,0,0,0,23,0,1,0,0,1,0,0,0,1,52,2,0,0,1,2,0,0,0,128,0,6,3,0,0,0,0,0,0,0,0
ลำปาง,1,เมืองลำปาง,หัวเวียง,2,859,527,527,493,250,270,0,0,0,2,3,16,3,3,65,1,5,1,2,0,0,0,1,0,0,0,0,0,0,0,0,0,33,1,5,1,0,0,9,0,1,0,73,1,0,0,0,8,2,0,0,237,0,6,2,0,0,0,0,0,0,0,0
ลำปาง,1,เมืองลำปาง,เวียงเหนือ,4,1916,1213,1213,1172,44,2978,1,5,1,1,3,18,2,5,93,4,23,7,3,0,0,1,1,0,0,0,1,0,1,0,0,1,69,1,12,1,0,0,1,2,2,1,172,5,0,0,1,10,1,0,99,332,3,7,5,0,2,0,0,0,1,0,1
ลำปาง,1,เมืองลิฟาย,คลองจั่ย,1,682,498,478,406,39,35,2,4,4,5,2,14,3,5,84,1,18,0,5,0,0,2,2,0,0,0,0,0,1,0,0,0,17,0,2,0,2,0,1,0,0,1,51,2,0,0,0,4,1,1,1,173,0,1,0,0,0,0,0,0,8,6,0
ลำปาง,1,เมืองฯ,ธมย.,1,559,367,367,329,329,29,1,1,2,2,1,10,0,3,45,0,6,0,3,1,1,0,0,0,2,0,0,0,0,0,0,0,26,1,0,0,0,1,0,1,0,0,46,1,0,0,0,0,1,0,0,158,4,3,1,0,0,0,0,0,0,0,0
ลำปาง,1,เมืองฯ,นิคมพัฒนา,1,239,185,185,179,179,2,0,0,0,0,0,0,0,0,0,0,3,3,3,3,3,3,3,3,3,3,3,3,3,3,3,3,6,4,3,3,3,3,4,3,0,0,20,1,0,0,0,2,1,0,0,52,1,0,0,0,0,0,0,0,0,0,0
ลำปาง,1,เมืองฯ,ป้อมเฮือง,1,677,495,495,463,9,24,2,4,3,0,2,7,2,2,70,2,24,5,4,0,0,1,1,0,1,0,0,0,0,0,0,0,29,1,5,0,0,0,1,0,1,1,59,1,0,0,0,5,4,2,0,27,0,5,3,0,1,0,0,0,0,0,6
ลำปาง,1,เมืองฯ,สวนดอก,1,704,456,456,433,5,18,0,0,0,0,0,0,0,0,0,0,1,1,1,0,0,0,0,0,4,1,0,0,0,0,0,0,43,0,20,0,0,6,1,0,1,1,73,2,0,0,0,2,0,0,0,197,0,4,7,0,0,0,0,0,0,0,0
ลำปาง,1,เมืองฯ,หัวมูลค่า,1,395,270,271,267,12,12,0,3,2,0,1,8,0,4,87,1,14,3,2,0,0,0,1,0,0,0,0,0,0,0,0,0,14,1,1,0,1,0,0,0,0,0,15,0,0,0,0,5,0,0,0,98,0,5,0,0,0,1,0,0,0,0,0
ลำปาง,1,เมืองไทย,เชิงทะเล,1,317,206,206,188,6,12,1,3,2,0,6,3,0,1,45,0,12,1,3,0,0,2,0,0,0,0,0,0,0,0,0,0,10,0,0,0,0,0,0,0,1,1,38,0,0,0,0,0,0,0,0,62,0,0,0,0,2,0,0,0,0,0,0
ลำปาง,1,เม็ด,ม้านเป้า,1,690,517,486,486,447,37,1,11,2,5,4,7,3,5,172,2,7,3,3,0,0,3,0,0,0,0,0,0,0,0,0,0,16,0,1,1,1,1,0,0,0,2,53,3,0,1,0,6,0,2,0,164,1,2,1,1,0,0,0,1,0,1,0
ลำปาง,1,เลขที่ 407,เก็บมาแล้ว,1,504,338,338,288,31,19,0,1,1,2,2,7,0,4,65,1,13,2,3,0,0,0,0,0,1,0,0,0,0,9,0,0,15,0,1,0,0,0,0,0,0,0,48,0,1,0,0,1,0,0,0,115,1,2,2,0,0,0,0,0,0,0,0
ลำปาง,1,ไม่ระบุ,ไม่ระบุ,3,1520,1520,2253,1908,7,65,1,2,0,3,4,16,1,4,180,4,18,7,3,0,1,4,0,1,0,0,0,0,0,0,0,0,60,3,13,0,0,0,3,0,0,0,112,0,0,0,0,9,1,1,0,1140,1,7,3,1,1,0,0,0,0,0,0
